[2025-06-28 20:45:45 +0000] [318207] [INFO] Starting gunicorn 23.0.0
[2025-06-28 20:45:45 +0000] [318207] [INFO] Listening at: http://0.0.0.0:8000 (318207)
[2025-06-28 20:45:45 +0000] [318207] [INFO] Using worker: uvicorn.workers.UvicornWorker
[2025-06-28 20:45:45 +0000] [318208] [INFO] Booting worker with pid: 318208
[2025-06-28 20:45:45 +0000] [318209] [INFO] Booting worker with pid: 318209
[2025-06-28 20:45:45 +0000] [318210] [INFO] Booting worker with pid: 318210
[2025-06-28 20:45:45 +0000] [318211] [INFO] Booting worker with pid: 318211
[2025-06-28 20:45:46 +0000] [318208] [INFO] Started server process [318208]
[2025-06-28 20:45:46 +0000] [318208] [INFO] Waiting for application startup.
[2025-06-28 20:45:46 +0000] [318208] [INFO] Application startup complete.
[2025-06-28 20:45:46 +0000] [318209] [INFO] Started server process [318209]
[2025-06-28 20:45:46 +0000] [318209] [INFO] Waiting for application startup.
[2025-06-28 20:45:46 +0000] [318209] [INFO] Application startup complete.
[2025-06-28 20:45:46 +0000] [318210] [INFO] Started server process [318210]
[2025-06-28 20:45:46 +0000] [318210] [INFO] Waiting for application startup.
[2025-06-28 20:45:46 +0000] [318210] [INFO] Application startup complete.
[2025-06-28 20:45:46 +0000] [318211] [INFO] Started server process [318211]
[2025-06-28 20:45:46 +0000] [318211] [INFO] Waiting for application startup.
[2025-06-28 20:45:46 +0000] [318211] [INFO] Application startup complete.
[2025-06-28 20:52:35 +0000] [318207] [INFO] Handling signal: hup
[2025-06-28 20:52:35 +0000] [318207] [INFO] Hang up: Master
[2025-06-28 20:52:35 +0000] [318207] [ERROR] Worker (pid:318208) was sent SIGHUP!
[2025-06-28 20:52:35 +0000] [318207] [ERROR] Worker (pid:318209) was sent SIGHUP!
[2025-06-28 20:52:35 +0000] [318207] [ERROR] Worker (pid:318210) was sent SIGHUP!
[2025-06-28 20:52:35 +0000] [318207] [ERROR] Worker (pid:318211) was sent SIGHUP!
[2025-06-28 20:52:35 +0000] [318255] [INFO] Booting worker with pid: 318255
[2025-06-28 20:52:35 +0000] [318256] [INFO] Booting worker with pid: 318256
[2025-06-28 20:52:35 +0000] [318257] [INFO] Booting worker with pid: 318257
[2025-06-28 20:52:35 +0000] [318207] [INFO] Handling signal: hup
[2025-06-28 20:52:35 +0000] [318207] [INFO] Hang up: Master
[2025-06-28 20:52:35 +0000] [318258] [INFO] Booting worker with pid: 318258
[2025-06-28 20:52:35 +0000] [318259] [INFO] Booting worker with pid: 318259
[2025-06-28 20:52:35 +0000] [318260] [INFO] Booting worker with pid: 318260
[2025-06-28 20:52:35 +0000] [318261] [INFO] Booting worker with pid: 318261
[2025-06-28 20:52:35 +0000] [318207] [ERROR] Worker (pid:318255) was sent SIGTERM!
[2025-06-28 20:52:35 +0000] [318207] [ERROR] Worker (pid:318256) was sent SIGTERM!
[2025-06-28 20:52:35 +0000] [318207] [ERROR] Worker (pid:318258) was sent SIGTERM!
[2025-06-28 20:52:35 +0000] [318262] [INFO] Booting worker with pid: 318262
[2025-06-28 20:52:35 +0000] [318207] [ERROR] Worker (pid:318257) was sent SIGTERM!
[2025-06-28 20:52:36 +0000] [318261] [INFO] Started server process [318261]
[2025-06-28 20:52:36 +0000] [318261] [INFO] Waiting for application startup.
[2025-06-28 20:52:36 +0000] [318261] [INFO] Application startup complete.
[2025-06-28 20:52:36 +0000] [318262] [INFO] Started server process [318262]
[2025-06-28 20:52:36 +0000] [318262] [INFO] Waiting for application startup.
[2025-06-28 20:52:36 +0000] [318262] [INFO] Application startup complete.
[2025-06-28 20:52:36 +0000] [318259] [INFO] Started server process [318259]
[2025-06-28 20:52:36 +0000] [318259] [INFO] Waiting for application startup.
[2025-06-28 20:52:36 +0000] [318259] [INFO] Application startup complete.
[2025-06-28 20:52:36 +0000] [318260] [INFO] Started server process [318260]
[2025-06-28 20:52:36 +0000] [318260] [INFO] Waiting for application startup.
[2025-06-28 20:52:36 +0000] [318260] [INFO] Application startup complete.
[2025-06-29 06:00:56 +0000] [318260] [WARNING] Invalid HTTP request received.
[2025-06-29 07:05:20 +0000] [318260] [WARNING] Invalid HTTP request received.
[2025-06-29 07:38:48 +0000] [318260] [WARNING] Invalid HTTP request received.
[2025-06-29 08:24:22 +0000] [318260] [WARNING] Invalid HTTP request received.
[2025-06-29 08:24:22 +0000] [318259] [WARNING] Invalid HTTP request received.
[2025-06-29 09:02:48 +0000] [318260] [WARNING] Invalid HTTP request received.
[2025-06-29 11:27:38 +0000] [318260] [WARNING] Invalid HTTP request received.
[2025-06-29 11:27:38 +0000] [318260] [WARNING] Invalid HTTP request received.
[2025-06-29 11:27:39 +0000] [318260] [WARNING] Invalid HTTP request received.
[2025-06-29 11:35:40 +0000] [318260] [WARNING] Invalid HTTP request received.
[2025-06-29 12:39:13 +0000] [318260] [WARNING] Invalid HTTP request received.
[2025-06-29 13:18:29 +0000] [318260] [WARNING] Invalid HTTP request received.
[2025-06-29 13:18:30 +0000] [318260] [WARNING] Invalid HTTP request received.
[2025-06-29 13:18:30 +0000] [318261] [WARNING] Invalid HTTP request received.
[2025-06-29 13:18:30 +0000] [318260] [WARNING] Invalid HTTP request received.
[2025-06-29 13:46:46 +0000] [318260] [WARNING] Invalid HTTP request received.
[2025-06-29 14:43:13 +0000] [318260] [WARNING] Invalid HTTP request received.
[2025-06-29 15:39:55 +0000] [318260] [WARNING] Invalid HTTP request received.
[2025-06-29 15:55:16 +0000] [318261] [WARNING] Invalid HTTP request received.
[2025-06-29 15:55:44 +0000] [318260] [WARNING] Invalid HTTP request received.
[2025-06-29 15:55:51 +0000] [318260] [WARNING] Invalid HTTP request received.
[2025-06-29 16:36:18 +0000] [318260] [WARNING] Invalid HTTP request received.
[2025-06-29 17:32:53 +0000] [318260] [WARNING] Invalid HTTP request received.
[2025-06-29 18:29:33 +0000] [318260] [WARNING] Invalid HTTP request received.
[2025-06-29 19:26:26 +0000] [318260] [WARNING] Invalid HTTP request received.
[2025-06-29 20:23:20 +0000] [318260] [WARNING] Invalid HTTP request received.
[2025-06-29 21:20:05 +0000] [318260] [WARNING] Invalid HTTP request received.
[2025-06-29 22:16:48 +0000] [318260] [WARNING] Invalid HTTP request received.
[2025-06-29 23:13:40 +0000] [318260] [WARNING] Invalid HTTP request received.
[2025-06-29 23:21:47 +0000] [318260] [WARNING] Invalid HTTP request received.
[2025-06-30 00:10:32 +0000] [318260] [WARNING] Invalid HTTP request received.
[2025-06-30 00:52:42 +0000] [318260] [WARNING] Invalid HTTP request received.
[2025-06-30 00:52:53 +0000] [318260] [WARNING] Invalid HTTP request received.
[2025-06-30 00:52:54 +0000] [318260] [WARNING] Invalid HTTP request received.
[2025-06-30 01:07:25 +0000] [318260] [WARNING] Invalid HTTP request received.
[2025-06-30 01:57:46 +0000] [318260] [WARNING] Invalid HTTP request received.
[2025-06-30 02:04:07 +0000] [318260] [WARNING] Invalid HTTP request received.
[2025-06-30 02:21:19 +0000] [318260] [WARNING] Invalid HTTP request received.
[2025-06-30 02:23:03 +0000] [318260] [WARNING] Invalid HTTP request received.
[2025-06-30 02:25:26 +0000] [318260] [WARNING] Invalid HTTP request received.
[2025-06-30 03:00:45 +0000] [318260] [WARNING] Invalid HTTP request received.
[2025-06-30 03:57:39 +0000] [318260] [WARNING] Invalid HTTP request received.
[2025-06-30 04:54:18 +0000] [318260] [WARNING] Invalid HTTP request received.
[2025-06-30 05:39:16 +0000] [318260] [WARNING] Invalid HTTP request received.
[2025-06-30 05:39:16 +0000] [318262] [WARNING] Invalid HTTP request received.
[2025-06-30 05:39:16 +0000] [318259] [WARNING] Invalid HTTP request received.
[2025-06-30 05:39:16 +0000] [318260] [WARNING] Invalid HTTP request received.
[2025-06-30 05:50:56 +0000] [318260] [WARNING] Invalid HTTP request received.
[2025-06-30 06:47:33 +0000] [318260] [WARNING] Invalid HTTP request received.
[2025-06-30 07:44:17 +0000] [318260] [WARNING] Invalid HTTP request received.
[2025-06-30 08:41:02 +0000] [318260] [WARNING] Invalid HTTP request received.
[2025-06-30 09:38:05 +0000] [318260] [WARNING] Invalid HTTP request received.
[2025-06-30 09:40:15 +0000] [318207] [INFO] Handling signal: term
[2025-06-30 09:40:15 +0000] [318260] [INFO] Shutting down
[2025-06-30 09:40:15 +0000] [318260] [INFO] Error while closing socket [Errno 9] Bad file descriptor
[2025-06-30 09:40:15 +0000] [318261] [INFO] Shutting down
[2025-06-30 09:40:15 +0000] [318261] [INFO] Error while closing socket [Errno 9] Bad file descriptor
[2025-06-30 09:40:15 +0000] [318259] [INFO] Shutting down
[2025-06-30 09:40:15 +0000] [318259] [INFO] Error while closing socket [Errno 9] Bad file descriptor
[2025-06-30 09:40:15 +0000] [318262] [INFO] Shutting down
[2025-06-30 09:40:15 +0000] [318262] [INFO] Error while closing socket [Errno 9] Bad file descriptor
[2025-06-30 09:40:15 +0000] [318260] [INFO] Waiting for application shutdown.
[2025-06-30 09:40:15 +0000] [318260] [INFO] Application shutdown complete.
[2025-06-30 09:40:15 +0000] [318260] [INFO] Finished server process [318260]
[2025-06-30 09:40:15 +0000] [318260] [INFO] Worker exiting (pid: 318260)
[2025-06-30 09:40:15 +0000] [318259] [INFO] Waiting for application shutdown.
[2025-06-30 09:40:15 +0000] [318259] [INFO] Application shutdown complete.
[2025-06-30 09:40:15 +0000] [318259] [INFO] Finished server process [318259]
[2025-06-30 09:40:15 +0000] [318261] [INFO] Waiting for application shutdown.
[2025-06-30 09:40:15 +0000] [318262] [INFO] Waiting for application shutdown.
[2025-06-30 09:40:15 +0000] [318262] [INFO] Application shutdown complete.
[2025-06-30 09:40:15 +0000] [318262] [INFO] Finished server process [318262]
[2025-06-30 09:40:15 +0000] [318259] [INFO] Worker exiting (pid: 318259)
[2025-06-30 09:40:15 +0000] [318262] [INFO] Worker exiting (pid: 318262)
[2025-06-30 09:40:15 +0000] [318261] [INFO] Application shutdown complete.
[2025-06-30 09:40:15 +0000] [318261] [INFO] Finished server process [318261]
[2025-06-30 09:40:15 +0000] [318261] [INFO] Worker exiting (pid: 318261)
[2025-06-30 09:40:15 +0000] [318207] [INFO] Shutting down: Master
[2025-06-30 09:44:04 +0000] [332922] [INFO] Starting gunicorn 23.0.0
[2025-06-30 09:44:04 +0000] [332922] [INFO] Listening at: http://0.0.0.0:8000 (332922)
[2025-06-30 09:44:04 +0000] [332922] [INFO] Using worker: uvicorn.workers.UvicornWorker
[2025-06-30 09:44:04 +0000] [332923] [INFO] Booting worker with pid: 332923
[2025-06-30 09:44:04 +0000] [332924] [INFO] Booting worker with pid: 332924
[2025-06-30 09:44:04 +0000] [332925] [INFO] Booting worker with pid: 332925
[2025-06-30 09:44:04 +0000] [332926] [INFO] Booting worker with pid: 332926
[2025-06-30 09:44:04 +0000] [332923] [INFO] Started server process [332923]
[2025-06-30 09:44:04 +0000] [332923] [INFO] Waiting for application startup.
[2025-06-30 09:44:04 +0000] [332923] [INFO] Application startup complete.
[2025-06-30 09:44:05 +0000] [332924] [INFO] Started server process [332924]
[2025-06-30 09:44:05 +0000] [332924] [INFO] Waiting for application startup.
[2025-06-30 09:44:05 +0000] [332924] [INFO] Application startup complete.
[2025-06-30 09:44:05 +0000] [332925] [INFO] Started server process [332925]
[2025-06-30 09:44:05 +0000] [332925] [INFO] Waiting for application startup.
[2025-06-30 09:44:05 +0000] [332925] [INFO] Application startup complete.
[2025-06-30 09:44:05 +0000] [332926] [INFO] Started server process [332926]
[2025-06-30 09:44:05 +0000] [332926] [INFO] Waiting for application startup.
[2025-06-30 09:44:05 +0000] [332926] [INFO] Application startup complete.
[2025-06-30 10:18:36 +0000] [332922] [INFO] Handling signal: int
[2025-06-30 10:18:36 +0000] [332924] [INFO] Shutting down
[2025-06-30 10:18:36 +0000] [332924] [INFO] Error while closing socket [Errno 9] Bad file descriptor
[2025-06-30 10:18:36 +0000] [332923] [INFO] Shutting down
[2025-06-30 10:18:36 +0000] [332923] [INFO] Error while closing socket [Errno 9] Bad file descriptor
[2025-06-30 10:18:36 +0000] [332926] [INFO] Shutting down
[2025-06-30 10:18:36 +0000] [332926] [INFO] Error while closing socket [Errno 9] Bad file descriptor
[2025-06-30 10:18:36 +0000] [332925] [INFO] Shutting down
[2025-06-30 10:18:36 +0000] [332925] [INFO] Error while closing socket [Errno 9] Bad file descriptor
[2025-06-30 10:18:36 +0000] [332924] [INFO] Waiting for application shutdown.
[2025-06-30 10:18:36 +0000] [332924] [INFO] Application shutdown complete.
[2025-06-30 10:18:36 +0000] [332924] [INFO] Finished server process [332924]
[2025-06-30 10:18:36 +0000] [332923] [INFO] Waiting for application shutdown.
[2025-06-30 10:18:36 +0000] [332923] [INFO] Application shutdown complete.
[2025-06-30 10:18:36 +0000] [332923] [INFO] Finished server process [332923]
[2025-06-30 10:18:36 +0000] [332923] [INFO] Worker exiting (pid: 332923)
[2025-06-30 10:18:36 +0000] [332925] [INFO] Waiting for application shutdown.
[2025-06-30 10:18:36 +0000] [332925] [INFO] Application shutdown complete.
[2025-06-30 10:18:36 +0000] [332925] [INFO] Finished server process [332925]
[2025-06-30 10:18:36 +0000] [332925] [INFO] Worker exiting (pid: 332925)
[2025-06-30 10:18:36 +0000] [332926] [INFO] Waiting for application shutdown.
[2025-06-30 10:18:36 +0000] [332926] [INFO] Application shutdown complete.
[2025-06-30 10:18:36 +0000] [332926] [INFO] Finished server process [332926]
[2025-06-30 10:18:36 +0000] [332926] [INFO] Worker exiting (pid: 332926)
[2025-06-30 10:18:36 +0000] [332924] [INFO] Worker exiting (pid: 332924)
[2025-06-30 10:18:36 +0000] [332922] [ERROR] Worker (pid:332926) was sent SIGINT!
[2025-06-30 10:18:36 +0000] [332922] [ERROR] Worker (pid:332924) was sent SIGINT!
[2025-06-30 10:18:36 +0000] [332922] [ERROR] Worker (pid:332925) was sent SIGINT!
[2025-06-30 10:18:36 +0000] [332922] [ERROR] Worker (pid:332923) was sent SIGINT!
[2025-06-30 10:18:36 +0000] [332922] [INFO] Shutting down: Master
[2025-06-30 10:18:42 +0000] [333306] [INFO] Starting gunicorn 23.0.0
[2025-06-30 10:18:42 +0000] [333306] [INFO] Listening at: http://0.0.0.0:8000 (333306)
[2025-06-30 10:18:42 +0000] [333306] [INFO] Using worker: uvicorn.workers.UvicornWorker
[2025-06-30 10:18:43 +0000] [333307] [INFO] Booting worker with pid: 333307
[2025-06-30 10:18:43 +0000] [333308] [INFO] Booting worker with pid: 333308
[2025-06-30 10:18:43 +0000] [333309] [INFO] Booting worker with pid: 333309
[2025-06-30 10:18:43 +0000] [333310] [INFO] Booting worker with pid: 333310
[2025-06-30 10:18:43 +0000] [333307] [INFO] Started server process [333307]
[2025-06-30 10:18:43 +0000] [333307] [INFO] Waiting for application startup.
[2025-06-30 10:18:43 +0000] [333307] [INFO] Application startup complete.
[2025-06-30 10:18:43 +0000] [333308] [INFO] Started server process [333308]
[2025-06-30 10:18:43 +0000] [333308] [INFO] Waiting for application startup.
[2025-06-30 10:18:43 +0000] [333308] [INFO] Application startup complete.
[2025-06-30 10:18:44 +0000] [333309] [INFO] Started server process [333309]
[2025-06-30 10:18:44 +0000] [333309] [INFO] Waiting for application startup.
[2025-06-30 10:18:44 +0000] [333309] [INFO] Application startup complete.
[2025-06-30 10:18:44 +0000] [333310] [INFO] Started server process [333310]
[2025-06-30 10:18:44 +0000] [333310] [INFO] Waiting for application startup.
[2025-06-30 10:18:44 +0000] [333310] [INFO] Application startup complete.
[2025-06-30 10:18:48 +0000] [333306] [INFO] Handling signal: int
[2025-06-30 10:18:48 +0000] [333308] [INFO] Shutting down
[2025-06-30 10:18:48 +0000] [333308] [INFO] Error while closing socket [Errno 9] Bad file descriptor
[2025-06-30 10:18:48 +0000] [333309] [INFO] Shutting down
[2025-06-30 10:18:48 +0000] [333309] [INFO] Error while closing socket [Errno 9] Bad file descriptor
[2025-06-30 10:18:48 +0000] [333307] [INFO] Shutting down
[2025-06-30 10:18:48 +0000] [333307] [INFO] Error while closing socket [Errno 9] Bad file descriptor
[2025-06-30 10:18:48 +0000] [333310] [INFO] Shutting down
[2025-06-30 10:18:48 +0000] [333310] [INFO] Error while closing socket [Errno 9] Bad file descriptor
[2025-06-30 10:18:48 +0000] [333308] [INFO] Waiting for application shutdown.
[2025-06-30 10:18:48 +0000] [333308] [INFO] Application shutdown complete.
[2025-06-30 10:18:48 +0000] [333308] [INFO] Finished server process [333308]
[2025-06-30 10:18:48 +0000] [333308] [INFO] Worker exiting (pid: 333308)
[2025-06-30 10:18:48 +0000] [333307] [INFO] Waiting for application shutdown.
[2025-06-30 10:18:48 +0000] [333307] [INFO] Application shutdown complete.
[2025-06-30 10:18:48 +0000] [333307] [INFO] Finished server process [333307]
[2025-06-30 10:18:48 +0000] [333309] [INFO] Waiting for application shutdown.
[2025-06-30 10:18:48 +0000] [333309] [INFO] Application shutdown complete.
[2025-06-30 10:18:48 +0000] [333309] [INFO] Finished server process [333309]
[2025-06-30 10:18:48 +0000] [333307] [INFO] Worker exiting (pid: 333307)
[2025-06-30 10:18:48 +0000] [333309] [INFO] Worker exiting (pid: 333309)
[2025-06-30 10:18:48 +0000] [333310] [INFO] Waiting for application shutdown.
[2025-06-30 10:18:48 +0000] [333310] [INFO] Application shutdown complete.
[2025-06-30 10:18:48 +0000] [333310] [INFO] Finished server process [333310]
[2025-06-30 10:18:48 +0000] [333310] [INFO] Worker exiting (pid: 333310)
[2025-06-30 10:18:48 +0000] [333306] [INFO] Shutting down: Master
[2025-07-15 16:03:20 +0000] [481681] [INFO] Starting gunicorn 23.0.0
[2025-07-15 16:03:20 +0000] [481681] [INFO] Listening at: http://0.0.0.0:8000 (481681)
[2025-07-15 16:03:20 +0000] [481681] [INFO] Using worker: uvicorn.workers.UvicornWorker
[2025-07-15 16:03:20 +0000] [481682] [INFO] Booting worker with pid: 481682
[2025-07-15 16:03:20 +0000] [481683] [INFO] Booting worker with pid: 481683
[2025-07-15 16:03:20 +0000] [481684] [INFO] Booting worker with pid: 481684
[2025-07-15 16:03:20 +0000] [481685] [INFO] Booting worker with pid: 481685
[2025-07-15 16:03:21 +0000] [481682] [INFO] Started server process [481682]
[2025-07-15 16:03:21 +0000] [481682] [INFO] Waiting for application startup.
[2025-07-15 16:03:21 +0000] [481682] [INFO] Application startup complete.
[2025-07-15 16:03:21 +0000] [481683] [INFO] Started server process [481683]
[2025-07-15 16:03:21 +0000] [481683] [INFO] Waiting for application startup.
[2025-07-15 16:03:21 +0000] [481683] [INFO] Application startup complete.
[2025-07-15 16:03:21 +0000] [481684] [INFO] Started server process [481684]
[2025-07-15 16:03:21 +0000] [481684] [INFO] Waiting for application startup.
[2025-07-15 16:03:21 +0000] [481684] [INFO] Application startup complete.
[2025-07-15 16:03:21 +0000] [481685] [INFO] Started server process [481685]
[2025-07-15 16:03:21 +0000] [481685] [INFO] Waiting for application startup.
[2025-07-15 16:03:21 +0000] [481685] [INFO] Application startup complete.
[2025-07-15 19:17:38 +0000] [481681] [INFO] Handling signal: hup
[2025-07-15 19:17:38 +0000] [481681] [INFO] Hang up: Master
[2025-07-15 19:17:38 +0000] [481681] [ERROR] Worker (pid:481682) was sent SIGHUP!
[2025-07-15 19:17:38 +0000] [481681] [ERROR] Worker (pid:481683) was sent SIGHUP!
[2025-07-15 19:17:38 +0000] [481681] [ERROR] Worker (pid:481684) was sent SIGHUP!
[2025-07-15 19:17:38 +0000] [481681] [ERROR] Worker (pid:481685) was sent SIGHUP!
[2025-07-15 19:17:38 +0000] [482843] [INFO] Booting worker with pid: 482843
[2025-07-15 19:17:38 +0000] [482844] [INFO] Booting worker with pid: 482844
[2025-07-15 19:17:38 +0000] [481681] [INFO] Handling signal: hup
[2025-07-15 19:17:38 +0000] [481681] [INFO] Hang up: Master
[2025-07-15 19:17:38 +0000] [482845] [INFO] Booting worker with pid: 482845
[2025-07-15 19:17:38 +0000] [482846] [INFO] Booting worker with pid: 482846
[2025-07-15 19:17:38 +0000] [482847] [INFO] Booting worker with pid: 482847
[2025-07-15 19:17:38 +0000] [482848] [INFO] Booting worker with pid: 482848
[2025-07-15 19:17:38 +0000] [482849] [INFO] Booting worker with pid: 482849
[2025-07-15 19:17:38 +0000] [481681] [ERROR] Worker (pid:482843) was sent SIGTERM!
[2025-07-15 19:17:38 +0000] [481681] [ERROR] Worker (pid:482845) was sent SIGTERM!
[2025-07-15 19:17:38 +0000] [482850] [INFO] Booting worker with pid: 482850
[2025-07-15 19:17:38 +0000] [481681] [ERROR] Worker (pid:482846) was sent SIGTERM!
[2025-07-15 19:17:38 +0000] [481681] [ERROR] Worker (pid:482844) was sent SIGTERM!
[2025-07-15 19:17:39 +0000] [482848] [INFO] Started server process [482848]
[2025-07-15 19:17:39 +0000] [482848] [INFO] Waiting for application startup.
[2025-07-15 19:17:39 +0000] [482848] [INFO] Application startup complete.
[2025-07-15 19:17:39 +0000] [482847] [INFO] Started server process [482847]
[2025-07-15 19:17:39 +0000] [482847] [INFO] Waiting for application startup.
[2025-07-15 19:17:39 +0000] [482847] [INFO] Application startup complete.
[2025-07-15 19:17:39 +0000] [482850] [INFO] Started server process [482850]
[2025-07-15 19:17:39 +0000] [482850] [INFO] Waiting for application startup.
[2025-07-15 19:17:39 +0000] [482850] [INFO] Application startup complete.
[2025-07-15 19:17:39 +0000] [482849] [INFO] Started server process [482849]
[2025-07-15 19:17:39 +0000] [482849] [INFO] Waiting for application startup.
[2025-07-15 19:17:39 +0000] [482849] [INFO] Application startup complete.
[2025-07-16 02:14:29 +0000] [482849] [WARNING] Invalid HTTP request received.
[2025-07-16 02:17:23 +0000] [482849] [WARNING] Invalid HTTP request received.
[2025-07-16 02:19:33 +0000] [482849] [WARNING] Invalid HTTP request received.
[2025-07-16 03:05:09 +0000] [482849] [WARNING] Invalid HTTP request received.
[2025-07-16 03:05:09 +0000] [482849] [WARNING] Invalid HTTP request received.
[2025-07-16 08:58:07 +0000] [482849] [WARNING] Invalid HTTP request received.
[2025-07-16 09:24:52 +0000] [482849] [WARNING] Invalid HTTP request received.
[2025-07-16 09:24:59 +0000] [482849] [WARNING] Invalid HTTP request received.
[2025-07-16 09:25:05 +0000] [482849] [WARNING] Invalid HTTP request received.
[2025-07-16 14:55:18 +0000] [482849] [WARNING] Invalid HTTP request received.
[2025-07-16 14:55:26 +0000] [482849] [WARNING] Invalid HTTP request received.
[2025-07-16 14:55:31 +0000] [482849] [WARNING] Invalid HTTP request received.
[2025-07-16 14:58:03 +0000] [482849] [WARNING] Invalid HTTP request received.
[2025-07-16 22:00:14 +0000] [482850] [WARNING] Invalid HTTP request received.
[2025-07-16 22:00:14 +0000] [482849] [WARNING] Invalid HTTP request received.
[2025-07-16 23:30:53 +0000] [482849] [WARNING] Invalid HTTP request received.
[2025-07-17 00:02:05 +0000] [482849] [WARNING] Invalid HTTP request received.
[2025-07-17 00:02:06 +0000] [482849] [WARNING] Invalid HTTP request received.
[2025-07-17 00:02:06 +0000] [482849] [WARNING] Invalid HTTP request received.
[2025-07-17 02:16:09 +0000] [482849] [WARNING] Invalid HTTP request received.
[2025-07-17 03:09:53 +0000] [482849] [WARNING] Invalid HTTP request received.
[2025-07-17 03:09:57 +0000] [482849] [WARNING] Invalid HTTP request received.
[2025-07-17 03:10:01 +0000] [482849] [WARNING] Invalid HTTP request received.
[2025-07-17 04:27:55 +0000] [482849] [WARNING] Invalid HTTP request received.
[2025-07-17 04:34:22 +0000] [482849] [WARNING] Invalid HTTP request received.
[2025-07-17 13:58:09 +0000] [482849] [WARNING] Invalid HTTP request received.
[2025-07-17 15:10:45 +0000] [482849] [WARNING] Invalid HTTP request received.
[2025-07-17 15:10:45 +0000] [482849] [WARNING] Invalid HTTP request received.
[2025-07-17 16:38:38 +0000] [482850] [WARNING] Invalid HTTP request received.
[2025-07-17 16:38:43 +0000] [482849] [WARNING] Invalid HTTP request received.
[2025-07-17 16:38:47 +0000] [482849] [WARNING] Invalid HTTP request received.
[2025-07-17 18:48:48 +0000] [482849] [WARNING] Invalid HTTP request received.
[2025-07-17 21:05:06 +0000] [482849] [WARNING] Invalid HTTP request received.
[2025-07-17 21:05:07 +0000] [482849] [WARNING] Invalid HTTP request received.
[2025-07-18 02:21:54 +0000] [482849] [WARNING] Invalid HTTP request received.
[2025-07-18 02:22:23 +0000] [482849] [WARNING] Invalid HTTP request received.
[2025-07-18 02:23:09 +0000] [482849] [WARNING] Invalid HTTP request received.
[2025-07-18 12:41:07 +0000] [482849] [WARNING] Invalid HTTP request received.
[2025-07-18 16:23:43 +0000] [482849] [WARNING] Invalid HTTP request received.
[2025-07-18 16:23:50 +0000] [482849] [WARNING] Invalid HTTP request received.
[2025-07-18 16:23:54 +0000] [482849] [WARNING] Invalid HTTP request received.
[2025-07-18 16:53:51 +0000] [482849] [WARNING] Invalid HTTP request received.
[2025-07-18 16:54:10 +0000] [482849] [WARNING] Invalid HTTP request received.
[2025-07-18 16:54:19 +0000] [482849] [WARNING] Invalid HTTP request received.
[2025-07-18 17:50:23 +0000] [482849] [WARNING] Invalid HTTP request received.
[2025-07-18 17:53:16 +0000] [482849] [WARNING] Invalid HTTP request received.
[2025-07-18 17:53:16 +0000] [482848] [WARNING] Invalid HTTP request received.
[2025-07-18 23:04:10 +0000] [482849] [WARNING] Invalid HTTP request received.
[2025-07-19 01:02:10 +0000] [482849] [WARNING] Invalid HTTP request received.
[2025-07-19 01:48:22 +0000] [482849] [WARNING] Invalid HTTP request received.
[2025-07-19 02:32:28 +0000] [482849] [WARNING] Invalid HTTP request received.
[2025-07-19 02:34:49 +0000] [482849] [WARNING] Invalid HTTP request received.
[2025-07-19 02:37:47 +0000] [482849] [WARNING] Invalid HTTP request received.
[2025-07-19 06:38:30 +0000] [482849] [WARNING] Invalid HTTP request received.
[2025-07-19 14:41:36 +0000] [482849] [WARNING] Invalid HTTP request received.
[2025-07-19 14:41:36 +0000] [482849] [WARNING] Invalid HTTP request received.
[2025-07-19 14:46:51 +0000] [482849] [WARNING] Invalid HTTP request received.
[2025-07-19 14:46:57 +0000] [482849] [WARNING] Invalid HTTP request received.
[2025-07-19 14:46:57 +0000] [482849] [WARNING] Invalid HTTP request received.
[2025-07-19 14:46:57 +0000] [482849] [WARNING] Invalid HTTP request received.
[2025-07-19 14:47:07 +0000] [482849] [WARNING] Invalid HTTP request received.
[2025-07-19 14:47:14 +0000] [482848] [WARNING] Invalid HTTP request received.
[2025-07-19 14:47:15 +0000] [482849] [WARNING] Invalid HTTP request received.
[2025-07-19 14:47:15 +0000] [482849] [WARNING] Invalid HTTP request received.
[2025-07-19 14:47:15 +0000] [482849] [WARNING] Invalid HTTP request received.
[2025-07-19 14:47:15 +0000] [482849] [WARNING] Invalid HTTP request received.
[2025-07-19 14:47:20 +0000] [482849] [WARNING] Invalid HTTP request received.
[2025-07-19 14:47:24 +0000] [482849] [WARNING] Invalid HTTP request received.
[2025-07-19 14:47:25 +0000] [482849] [WARNING] Invalid HTTP request received.
[2025-07-19 14:47:25 +0000] [482850] [WARNING] Invalid HTTP request received.
[2025-07-19 14:47:25 +0000] [482849] [WARNING] Invalid HTTP request received.
[2025-07-19 14:47:26 +0000] [482849] [WARNING] Invalid HTTP request received.
[2025-07-19 14:47:26 +0000] [482849] [WARNING] Invalid HTTP request received.
[2025-07-19 14:47:26 +0000] [482849] [WARNING] Invalid HTTP request received.
[2025-07-19 14:47:26 +0000] [482849] [WARNING] Invalid HTTP request received.
[2025-07-19 14:47:27 +0000] [482849] [WARNING] Invalid HTTP request received.
[2025-07-19 14:47:28 +0000] [482848] [WARNING] Invalid HTTP request received.
[2025-07-19 14:47:28 +0000] [482849] [WARNING] Invalid HTTP request received.
[2025-07-19 14:47:28 +0000] [482847] [WARNING] Invalid HTTP request received.
[2025-07-19 14:47:29 +0000] [482849] [WARNING] Invalid HTTP request received.
[2025-07-19 14:47:30 +0000] [482849] [WARNING] Invalid HTTP request received.
[2025-07-19 14:47:30 +0000] [482850] [WARNING] Invalid HTTP request received.
[2025-07-19 14:47:30 +0000] [482847] [WARNING] Invalid HTTP request received.
[2025-07-19 14:47:31 +0000] [482850] [WARNING] Invalid HTTP request received.
[2025-07-19 14:47:31 +0000] [482849] [WARNING] Invalid HTTP request received.
[2025-07-19 14:47:31 +0000] [482849] [WARNING] Invalid HTTP request received.
[2025-07-19 14:47:31 +0000] [482849] [WARNING] Invalid HTTP request received.
[2025-07-19 14:47:32 +0000] [482849] [WARNING] Invalid HTTP request received.
[2025-07-19 17:58:45 +0000] [482849] [WARNING] Invalid HTTP request received.
[2025-07-19 17:59:02 +0000] [482849] [WARNING] Invalid HTTP request received.
[2025-07-19 17:59:10 +0000] [482849] [WARNING] Invalid HTTP request received.
[2025-07-19 23:40:58 +0000] [482849] [WARNING] Invalid HTTP request received.
[2025-07-20 01:49:49 +0000] [482849] [WARNING] Invalid HTTP request received.
[2025-07-20 01:49:50 +0000] [482849] [WARNING] Invalid HTTP request received.
[2025-07-20 01:49:50 +0000] [482849] [WARNING] Invalid HTTP request received.
[2025-07-20 02:02:15 +0000] [482849] [WARNING] Invalid HTTP request received.
[2025-07-20 02:16:30 +0000] [482849] [WARNING] Invalid HTTP request received.
[2025-07-20 02:18:58 +0000] [482849] [WARNING] Invalid HTTP request received.
[2025-07-20 03:25:30 +0000] [482849] [WARNING] Invalid HTTP request received.
[2025-07-20 11:35:34 +0000] [482849] [WARNING] Invalid HTTP request received.
[2025-07-20 11:35:34 +0000] [482849] [WARNING] Invalid HTTP request received.
[2025-07-20 12:57:37 +0000] [482849] [WARNING] Invalid HTTP request received.
[2025-07-20 14:10:46 +0000] [482849] [WARNING] Invalid HTTP request received.
[2025-07-20 16:09:35 +0000] [482849] [WARNING] Invalid HTTP request received.
[2025-07-20 16:09:40 +0000] [482850] [WARNING] Invalid HTTP request received.
[2025-07-20 16:09:44 +0000] [482849] [WARNING] Invalid HTTP request received.
[2025-07-20 23:03:18 +0000] [482850] [WARNING] Invalid HTTP request received.
[2025-07-20 23:03:26 +0000] [482849] [WARNING] Invalid HTTP request received.
[2025-07-20 23:03:32 +0000] [482849] [WARNING] Invalid HTTP request received.
[2025-07-21 02:18:35 +0000] [482849] [WARNING] Invalid HTTP request received.
[2025-07-21 02:21:09 +0000] [482849] [WARNING] Invalid HTTP request received.
[2025-07-21 03:09:22 +0000] [482849] [WARNING] Invalid HTTP request received.
[2025-07-21 03:09:22 +0000] [482847] [WARNING] Invalid HTTP request received.
[2025-07-21 05:10:37 +0000] [482849] [WARNING] Invalid HTTP request received.
[2025-07-21 10:58:01 +0000] [482849] [WARNING] Invalid HTTP request received.
[2025-07-21 10:58:28 +0000] [482849] [WARNING] Invalid HTTP request received.
[2025-07-21 10:58:45 +0000] [482849] [WARNING] Invalid HTTP request received.
[2025-07-21 10:59:02 +0000] [482849] [WARNING] Invalid HTTP request received.
[2025-07-21 12:32:10 +0000] [482849] [WARNING] Invalid HTTP request received.
[2025-07-21 12:46:16 +0000] [482849] [WARNING] Invalid HTTP request received.
[2025-07-22 00:13:57 +0000] [482849] [WARNING] Invalid HTTP request received.
[2025-07-22 00:14:03 +0000] [482849] [WARNING] Invalid HTTP request received.
[2025-07-22 00:14:10 +0000] [482849] [WARNING] Invalid HTTP request received.
[2025-07-22 05:46:57 +0000] [482849] [WARNING] Invalid HTTP request received.
[2025-07-22 05:52:22 +0000] [482849] [WARNING] Invalid HTTP request received.
[2025-07-22 05:54:59 +0000] [482849] [WARNING] Invalid HTTP request received.
[2025-07-22 08:12:35 +0000] [482849] [WARNING] Invalid HTTP request received.
[2025-07-22 20:55:15 +0000] [482849] [WARNING] Invalid HTTP request received.
[2025-07-22 20:55:16 +0000] [482849] [WARNING] Invalid HTTP request received.
[2025-07-23 00:22:28 +0000] [482849] [WARNING] Invalid HTTP request received.
[2025-07-23 00:57:42 +0000] [482849] [WARNING] Invalid HTTP request received.
[2025-07-23 00:58:03 +0000] [482849] [WARNING] Invalid HTTP request received.
[2025-07-23 00:58:17 +0000] [482849] [WARNING] Invalid HTTP request received.
[2025-07-23 06:01:16 +0000] [482849] [WARNING] Invalid HTTP request received.
[2025-07-23 06:07:47 +0000] [482849] [WARNING] Invalid HTTP request received.
[2025-07-23 14:27:32 +0000] [482849] [WARNING] Invalid HTTP request received.
[2025-07-23 18:20:20 +0000] [482849] [WARNING] Invalid HTTP request received.
[2025-07-23 18:20:21 +0000] [482849] [WARNING] Invalid HTTP request received.
[2025-07-23 20:04:51 +0000] [482849] [WARNING] Invalid HTTP request received.
[2025-07-23 20:04:51 +0000] [482847] [WARNING] Invalid HTTP request received.
[2025-07-23 21:29:52 +0000] [482849] [WARNING] Invalid HTTP request received.
[2025-07-24 01:55:59 +0000] [482849] [WARNING] Invalid HTTP request received.
[2025-07-24 01:56:06 +0000] [482849] [WARNING] Invalid HTTP request received.
[2025-07-24 01:56:13 +0000] [482849] [WARNING] Invalid HTTP request received.
[2025-07-24 06:57:44 +0000] [482849] [WARNING] Invalid HTTP request received.
[2025-07-24 06:59:22 +0000] [482849] [WARNING] Invalid HTTP request received.
[2025-07-24 07:03:06 +0000] [482849] [WARNING] Invalid HTTP request received.
[2025-07-24 10:15:03 +0000] [482849] [WARNING] Invalid HTTP request received.
[2025-07-24 14:07:58 +0000] [482849] [WARNING] Invalid HTTP request received.
[2025-07-24 18:22:18 +0000] [482849] [WARNING] Invalid HTTP request received.
[2025-07-25 03:02:14 +0000] [482849] [WARNING] Invalid HTTP request received.
[2025-07-25 03:02:43 +0000] [482850] [WARNING] Invalid HTTP request received.
[2025-07-25 03:02:59 +0000] [482849] [WARNING] Invalid HTTP request received.
[2025-07-25 07:06:05 +0000] [482849] [WARNING] Invalid HTTP request received.
[2025-07-25 07:08:32 +0000] [482849] [WARNING] Invalid HTTP request received.
[2025-07-25 07:11:15 +0000] [482849] [WARNING] Invalid HTTP request received.
[2025-07-25 08:00:47 +0000] [482849] [WARNING] Invalid HTTP request received.
[2025-07-25 09:31:06 +0000] [482849] [WARNING] Invalid HTTP request received.
[2025-07-25 12:28:16 +0000] [482849] [WARNING] Invalid HTTP request received.
[2025-07-25 20:21:34 +0000] [482849] [WARNING] Invalid HTTP request received.
[2025-07-25 21:43:11 +0000] [482849] [WARNING] Invalid HTTP request received.
[2025-07-26 02:28:35 +0000] [482849] [WARNING] Invalid HTTP request received.
[2025-07-26 03:56:44 +0000] [482848] [WARNING] Invalid HTTP request received.
[2025-07-26 03:56:57 +0000] [482849] [WARNING] Invalid HTTP request received.
[2025-07-26 06:37:08 +0000] [482849] [WARNING] Invalid HTTP request received.
[2025-07-26 07:11:23 +0000] [482849] [WARNING] Invalid HTTP request received.
[2025-07-26 07:52:14 +0000] [482849] [WARNING] Invalid HTTP request received.
[2025-07-26 07:53:58 +0000] [482849] [WARNING] Invalid HTTP request received.
[2025-07-26 07:56:59 +0000] [482849] [WARNING] Invalid HTTP request received.
[2025-07-26 08:27:04 +0000] [482849] [WARNING] Invalid HTTP request received.
[2025-07-26 08:27:04 +0000] [482849] [WARNING] Invalid HTTP request received.
[2025-07-27 03:24:32 +0000] [482849] [WARNING] Invalid HTTP request received.
[2025-07-27 04:51:28 +0000] [482849] [WARNING] Invalid HTTP request received.
[2025-07-27 04:51:40 +0000] [482849] [WARNING] Invalid HTTP request received.
[2025-07-27 04:51:41 +0000] [482849] [WARNING] Invalid HTTP request received.
[2025-07-27 04:51:45 +0000] [482850] [WARNING] Invalid HTTP request received.
[2025-07-27 06:17:42 +0000] [482849] [WARNING] Invalid HTTP request received.
[2025-07-27 06:17:42 +0000] [482848] [WARNING] Invalid HTTP request received.
[2025-07-27 08:45:02 +0000] [482849] [WARNING] Invalid HTTP request received.
[2025-07-27 08:45:17 +0000] [482849] [WARNING] Invalid HTTP request received.
[2025-07-27 08:47:51 +0000] [482849] [WARNING] Invalid HTTP request received.
[2025-07-27 21:16:16 +0000] [482849] [WARNING] Invalid HTTP request received.
[2025-07-27 21:16:16 +0000] [482849] [WARNING] Invalid HTTP request received.
[2025-07-27 21:16:16 +0000] [482847] [WARNING] Invalid HTTP request received.
[2025-07-28 02:30:06 +0000] [482849] [WARNING] Invalid HTTP request received.
[2025-07-28 03:03:27 +0000] [482849] [WARNING] Invalid HTTP request received.
[2025-07-28 03:03:27 +0000] [482849] [WARNING] Invalid HTTP request received.
[2025-07-28 05:54:23 +0000] [482849] [WARNING] Invalid HTTP request received.
[2025-07-28 05:54:35 +0000] [482849] [WARNING] Invalid HTTP request received.
[2025-07-28 06:00:47 +0000] [482849] [WARNING] Invalid HTTP request received.
[2025-07-28 06:01:54 +0000] [482849] [WARNING] Invalid HTTP request received.
[2025-07-28 06:02:15 +0000] [482849] [WARNING] Invalid HTTP request received.
[2025-07-28 08:43:45 +0000] [482849] [WARNING] Invalid HTTP request received.
[2025-07-28 08:45:15 +0000] [482849] [WARNING] Invalid HTTP request received.
[2025-07-28 08:48:33 +0000] [482849] [WARNING] Invalid HTTP request received.
[2025-07-28 12:23:11 +0000] [482849] [WARNING] Invalid HTTP request received.
[2025-07-28 17:13:36 +0000] [482849] [WARNING] Invalid HTTP request received.
[2025-07-29 00:29:18 +0000] [482849] [WARNING] Invalid HTTP request received.
[2025-07-29 00:29:27 +0000] [482849] [WARNING] Invalid HTTP request received.
[2025-07-29 00:29:33 +0000] [482849] [WARNING] Invalid HTTP request received.
[2025-07-29 09:48:18 +0000] [482849] [WARNING] Invalid HTTP request received.
[2025-07-29 09:50:25 +0000] [482849] [WARNING] Invalid HTTP request received.
[2025-07-29 09:53:00 +0000] [482849] [WARNING] Invalid HTTP request received.
[2025-07-29 10:42:39 +0000] [482849] [WARNING] Invalid HTTP request received.
[2025-07-29 10:43:03 +0000] [482849] [WARNING] Invalid HTTP request received.
[2025-07-29 10:43:25 +0000] [482849] [WARNING] Invalid HTTP request received.
[2025-07-29 11:16:43 +0000] [482849] [WARNING] Invalid HTTP request received.
[2025-07-29 18:13:46 +0000] [482849] [WARNING] Invalid HTTP request received.
[2025-07-29 18:13:53 +0000] [482849] [WARNING] Invalid HTTP request received.
[2025-07-29 18:13:57 +0000] [482849] [WARNING] Invalid HTTP request received.
[2025-07-29 20:12:44 +0000] [482849] [WARNING] Invalid HTTP request received.
[2025-07-29 20:48:11 +0000] [482849] [WARNING] Invalid HTTP request received.
[2025-07-29 21:37:35 +0000] [482849] [WARNING] Invalid HTTP request received.
[2025-07-29 21:37:35 +0000] [482849] [WARNING] Invalid HTTP request received.
[2025-07-30 04:58:26 +0000] [482849] [WARNING] Invalid HTTP request received.
[2025-07-30 06:02:00 +0000] [482849] [WARNING] Invalid HTTP request received.
[2025-07-30 07:44:30 +0000] [482849] [WARNING] Invalid HTTP request received.
[2025-07-30 10:32:34 +0000] [482849] [WARNING] Invalid HTTP request received.
[2025-07-30 10:34:58 +0000] [482849] [WARNING] Invalid HTTP request received.
[2025-07-30 10:38:32 +0000] [482849] [WARNING] Invalid HTTP request received.
[2025-07-30 12:38:57 +0000] [482849] [WARNING] Invalid HTTP request received.
[2025-07-30 18:09:35 +0000] [482849] [WARNING] Invalid HTTP request received.
[2025-07-30 18:09:35 +0000] [482849] [WARNING] Invalid HTTP request received.
[2025-07-30 19:13:39 +0000] [482849] [WARNING] Invalid HTTP request received.
[2025-07-30 19:14:12 +0000] [482849] [WARNING] Invalid HTTP request received.
[2025-07-30 19:14:29 +0000] [482849] [WARNING] Invalid HTTP request received.
[2025-07-31 05:18:41 +0000] [482849] [WARNING] Invalid HTTP request received.
[2025-07-31 08:26:44 +0000] [482849] [WARNING] Invalid HTTP request received.
[2025-07-31 12:40:37 +0000] [482849] [WARNING] Invalid HTTP request received.
[2025-07-31 12:40:37 +0000] [482849] [WARNING] Invalid HTTP request received.
[2025-07-31 12:55:29 +0000] [482849] [WARNING] Invalid HTTP request received.
[2025-07-31 12:59:00 +0000] [482849] [WARNING] Invalid HTTP request received.
[2025-07-31 13:01:32 +0000] [482847] [WARNING] Invalid HTTP request received.
[2025-07-31 20:07:48 +0000] [482849] [WARNING] Invalid HTTP request received.
[2025-07-31 20:09:46 +0000] [482849] [WARNING] Invalid HTTP request received.
[2025-07-31 20:09:55 +0000] [482849] [WARNING] Invalid HTTP request received.
[2025-07-31 20:12:18 +0000] [482849] [WARNING] Invalid HTTP request received.
[2025-07-31 20:16:22 +0000] [482849] [WARNING] Invalid HTTP request received.
[2025-07-31 20:16:35 +0000] [482849] [WARNING] Invalid HTTP request received.
[2025-07-31 21:34:22 +0000] [482849] [WARNING] Invalid HTTP request received.
[2025-07-31 21:34:23 +0000] [482849] [WARNING] Invalid HTTP request received.
[2025-07-31 21:34:23 +0000] [482850] [WARNING] Invalid HTTP request received.
[2025-07-31 23:45:28 +0000] [482849] [WARNING] Invalid HTTP request received.
[2025-08-01 01:00:41 +0000] [482849] [WARNING] Invalid HTTP request received.
[2025-08-01 03:08:47 +0000] [482849] [WARNING] Invalid HTTP request received.
[2025-08-01 12:45:26 +0000] [482849] [WARNING] Invalid HTTP request received.
[2025-08-01 12:45:26 +0000] [482848] [WARNING] Invalid HTTP request received.
[2025-08-01 12:51:34 +0000] [482849] [WARNING] Invalid HTTP request received.
[2025-08-01 12:51:51 +0000] [482849] [WARNING] Invalid HTTP request received.
[2025-08-01 12:54:36 +0000] [482849] [WARNING] Invalid HTTP request received.
[2025-08-01 15:32:00 +0000] [482849] [WARNING] Invalid HTTP request received.
[2025-08-01 16:45:39 +0000] [482849] [WARNING] Invalid HTTP request received.
[2025-08-01 16:45:50 +0000] [482849] [WARNING] Invalid HTTP request received.
[2025-08-01 20:59:40 +0000] [482849] [WARNING] Invalid HTTP request received.
[2025-08-01 21:00:08 +0000] [482850] [WARNING] Invalid HTTP request received.
[2025-08-01 21:00:20 +0000] [482849] [WARNING] Invalid HTTP request received.
[2025-08-02 05:02:07 +0000] [482849] [WARNING] Invalid HTTP request received.
[2025-08-02 12:32:04 +0000] [482849] [WARNING] Invalid HTTP request received.
[2025-08-02 12:32:29 +0000] [482849] [WARNING] Invalid HTTP request received.
[2025-08-02 12:34:41 +0000] [482848] [WARNING] Invalid HTTP request received.
[2025-08-02 21:58:35 +0000] [482849] [WARNING] Invalid HTTP request received.
[2025-08-02 21:59:29 +0000] [482849] [WARNING] Invalid HTTP request received.
[2025-08-02 21:59:47 +0000] [482849] [WARNING] Invalid HTTP request received.
[2025-08-03 03:05:11 +0000] [482849] [WARNING] Invalid HTTP request received.
[2025-08-03 06:34:52 +0000] [482849] [WARNING] Invalid HTTP request received.
[2025-08-03 06:34:52 +0000] [482849] [WARNING] Invalid HTTP request received.
[2025-08-03 10:26:18 +0000] [482849] [WARNING] Invalid HTTP request received.
[2025-08-03 13:03:13 +0000] [482849] [WARNING] Invalid HTTP request received.
[2025-08-03 13:05:54 +0000] [482849] [WARNING] Invalid HTTP request received.
[2025-08-03 13:08:34 +0000] [482849] [WARNING] Invalid HTTP request received.
[2025-08-04 03:10:04 +0000] [482849] [WARNING] Invalid HTTP request received.
[2025-08-04 03:10:17 +0000] [482849] [WARNING] Invalid HTTP request received.
[2025-08-04 03:10:30 +0000] [482849] [WARNING] Invalid HTTP request received.
[2025-08-04 04:31:58 +0000] [482849] [WARNING] Invalid HTTP request received.
[2025-08-04 04:31:58 +0000] [482848] [WARNING] Invalid HTTP request received.
[2025-08-04 12:11:16 +0000] [482849] [WARNING] Invalid HTTP request received.
[2025-08-04 13:37:03 +0000] [482849] [WARNING] Invalid HTTP request received.
[2025-08-04 13:41:35 +0000] [482849] [WARNING] Invalid HTTP request received.
[2025-08-04 13:44:42 +0000] [482849] [WARNING] Invalid HTTP request received.
[2025-08-04 16:44:57 +0000] [482849] [WARNING] Invalid HTTP request received.
[2025-08-05 03:58:05 +0000] [482849] [WARNING] Invalid HTTP request received.
[2025-08-05 03:58:55 +0000] [482849] [WARNING] Invalid HTTP request received.
[2025-08-05 03:59:07 +0000] [482849] [WARNING] Invalid HTTP request received.
[2025-08-05 09:53:16 +0000] [482849] [WARNING] Invalid HTTP request received.
[2025-08-05 15:08:00 +0000] [482849] [WARNING] Invalid HTTP request received.
[2025-08-05 15:11:02 +0000] [482849] [WARNING] Invalid HTTP request received.
[2025-08-05 15:13:55 +0000] [482849] [WARNING] Invalid HTTP request received.
[2025-08-05 17:54:07 +0000] [482849] [WARNING] Invalid HTTP request received.
[2025-08-05 20:05:06 +0000] [482847] [WARNING] Invalid HTTP request received.
[2025-08-05 20:05:06 +0000] [482847] [WARNING] Invalid HTTP request received.
[2025-08-05 20:05:06 +0000] [482849] [WARNING] Invalid HTTP request received.
[2025-08-05 20:05:06 +0000] [482849] [WARNING] Invalid HTTP request received.
[2025-08-05 22:36:31 +0000] [482847] [WARNING] Invalid HTTP request received.
[2025-08-06 05:02:05 +0000] [482849] [WARNING] Invalid HTTP request received.
[2025-08-06 05:04:28 +0000] [482849] [WARNING] Invalid HTTP request received.
[2025-08-06 05:04:37 +0000] [482849] [WARNING] Invalid HTTP request received.
[2025-08-06 17:48:48 +0000] [482849] [WARNING] Invalid HTTP request received.
[2025-08-06 17:49:59 +0000] [482849] [WARNING] Invalid HTTP request received.
[2025-08-06 17:52:34 +0000] [482849] [WARNING] Invalid HTTP request received.
[2025-08-06 19:14:27 +0000] [482849] [WARNING] Invalid HTTP request received.
[2025-08-06 19:14:27 +0000] [482848] [WARNING] Invalid HTTP request received.
[2025-08-06 23:56:15 +0000] [482849] [WARNING] Invalid HTTP request received.
[2025-08-06 23:56:17 +0000] [482849] [WARNING] Invalid HTTP request received.
[2025-08-06 23:56:17 +0000] [482849] [WARNING] Invalid HTTP request received.
[2025-08-07 01:34:08 +0000] [482847] [WARNING] Invalid HTTP request received.
[2025-08-07 01:34:08 +0000] [482850] [WARNING] Invalid HTTP request received.
[2025-08-07 01:34:08 +0000] [482848] [WARNING] Invalid HTTP request received.
[2025-08-07 01:34:08 +0000] [482848] [WARNING] Invalid HTTP request received.
[2025-08-07 02:00:25 +0000] [482849] [WARNING] Invalid HTTP request received.
[2025-08-07 02:00:25 +0000] [482847] [WARNING] Invalid HTTP request received.
[2025-08-07 02:00:40 +0000] [482849] [WARNING] Invalid HTTP request received.
[2025-08-07 04:26:21 +0000] [482849] [WARNING] Invalid HTTP request received.
[2025-08-07 05:56:05 +0000] [482849] [WARNING] Invalid HTTP request received.
[2025-08-07 05:56:18 +0000] [482849] [WARNING] Invalid HTTP request received.
[2025-08-07 05:56:27 +0000] [482849] [WARNING] Invalid HTTP request received.
[2025-08-07 16:10:06 +0000] [482847] [WARNING] Invalid HTTP request received.
[2025-08-07 16:10:06 +0000] [482850] [WARNING] Invalid HTTP request received.
[2025-08-07 19:15:45 +0000] [482849] [WARNING] Invalid HTTP request received.
[2025-08-07 19:19:52 +0000] [482849] [WARNING] Invalid HTTP request received.
[2025-08-07 19:22:29 +0000] [482849] [WARNING] Invalid HTTP request received.
[2025-08-07 22:00:52 +0000] [482849] [WARNING] Invalid HTTP request received.
[2025-08-07 23:00:12 +0000] [482849] [WARNING] Invalid HTTP request received.
[2025-08-08 03:26:17 +0000] [482849] [WARNING] Invalid HTTP request received.
[2025-08-08 05:43:55 +0000] [482849] [WARNING] Invalid HTTP request received.
[2025-08-08 05:43:56 +0000] [482849] [WARNING] Invalid HTTP request received.
[2025-08-08 05:44:00 +0000] [482849] [WARNING] Invalid HTTP request received.
[2025-08-08 05:44:01 +0000] [482849] [WARNING] Invalid HTTP request received.
[2025-08-08 05:44:04 +0000] [482849] [WARNING] Invalid HTTP request received.
[2025-08-08 05:44:05 +0000] [482849] [WARNING] Invalid HTTP request received.
[2025-08-08 05:44:06 +0000] [482849] [WARNING] Invalid HTTP request received.
[2025-08-08 05:44:06 +0000] [482849] [WARNING] Invalid HTTP request received.
[2025-08-08 06:52:52 +0000] [482849] [WARNING] Invalid HTTP request received.
[2025-08-08 06:57:28 +0000] [482849] [WARNING] Invalid HTTP request received.
[2025-08-08 06:57:51 +0000] [482849] [WARNING] Invalid HTTP request received.
[2025-08-08 07:51:45 +0000] [482849] [WARNING] Invalid HTTP request received.
[2025-08-08 12:59:00 +0000] [482849] [WARNING] Invalid HTTP request received.
[2025-08-08 15:10:13 +0000] [482849] [WARNING] Invalid HTTP request received.
[2025-08-08 15:52:40 +0000] [482849] [WARNING] Invalid HTTP request received.
[2025-08-08 16:26:01 +0000] [482849] [WARNING] Invalid HTTP request received.
[2025-08-08 16:28:43 +0000] [482849] [WARNING] Invalid HTTP request received.
[2025-08-08 17:38:10 +0000] [482849] [WARNING] Invalid HTTP request received.
[2025-08-08 17:39:20 +0000] [482849] [WARNING] Invalid HTTP request received.
[2025-08-08 17:41:40 +0000] [482849] [WARNING] Invalid HTTP request received.
[2025-08-08 18:51:15 +0000] [482850] [WARNING] Invalid HTTP request received.
[2025-08-08 18:51:15 +0000] [482850] [WARNING] Invalid HTTP request received.
[2025-08-08 18:51:15 +0000] [482850] [WARNING] Invalid HTTP request received.
[2025-08-08 18:51:15 +0000] [482849] [WARNING] Invalid HTTP request received.
[2025-08-08 18:54:54 +0000] [482849] [WARNING] Invalid HTTP request received.
[2025-08-09 00:13:24 +0000] [482849] [WARNING] Invalid HTTP request received.
[2025-08-09 04:22:50 +0000] [482849] [WARNING] Invalid HTTP request received.
[2025-08-09 08:00:07 +0000] [482849] [WARNING] Invalid HTTP request received.
[2025-08-09 08:02:00 +0000] [482849] [WARNING] Invalid HTTP request received.
[2025-08-09 08:02:06 +0000] [482849] [WARNING] Invalid HTTP request received.
[2025-08-09 12:08:11 +0000] [482849] [WARNING] Invalid HTTP request received.
[2025-08-09 17:18:07 +0000] [482849] [WARNING] Invalid HTTP request received.
[2025-08-09 17:19:17 +0000] [482849] [WARNING] Invalid HTTP request received.
[2025-08-09 17:21:45 +0000] [482848] [WARNING] Invalid HTTP request received.
[2025-08-10 03:17:34 +0000] [482849] [WARNING] Invalid HTTP request received.
[2025-08-10 04:05:16 +0000] [482849] [WARNING] Invalid HTTP request received.
[2025-08-10 04:05:16 +0000] [482849] [WARNING] Invalid HTTP request received.
[2025-08-10 04:05:16 +0000] [482849] [WARNING] Invalid HTTP request received.
[2025-08-10 06:45:46 +0000] [482849] [WARNING] Invalid HTTP request received.
[2025-08-10 09:03:27 +0000] [482849] [WARNING] Invalid HTTP request received.
[2025-08-10 09:05:03 +0000] [482849] [WARNING] Invalid HTTP request received.
[2025-08-10 09:05:12 +0000] [482849] [WARNING] Invalid HTTP request received.
[2025-08-10 16:51:31 +0000] [482849] [WARNING] Invalid HTTP request received.
[2025-08-10 18:00:48 +0000] [482849] [WARNING] Invalid HTTP request received.
[2025-08-10 18:04:39 +0000] [482849] [WARNING] Invalid HTTP request received.
[2025-08-10 18:08:25 +0000] [482849] [WARNING] Invalid HTTP request received.
[2025-08-11 10:00:51 +0000] [482849] [WARNING] Invalid HTTP request received.
[2025-08-11 10:01:22 +0000] [482849] [WARNING] Invalid HTTP request received.
[2025-08-11 10:01:34 +0000] [482849] [WARNING] Invalid HTTP request received.
[2025-08-11 11:28:16 +0000] [482849] [WARNING] Invalid HTTP request received.
[2025-08-11 11:55:36 +0000] [482849] [WARNING] Invalid HTTP request received.
[2025-08-11 14:01:55 +0000] [482849] [WARNING] Invalid HTTP request received.
[2025-08-11 14:22:45 +0000] [482849] [WARNING] Invalid HTTP request received.
[2025-08-11 14:22:46 +0000] [482849] [WARNING] Invalid HTTP request received.
[2025-08-11 14:22:50 +0000] [482849] [WARNING] Invalid HTTP request received.
[2025-08-11 14:22:51 +0000] [482849] [WARNING] Invalid HTTP request received.
[2025-08-11 14:22:54 +0000] [482849] [WARNING] Invalid HTTP request received.
[2025-08-11 14:22:55 +0000] [482849] [WARNING] Invalid HTTP request received.
[2025-08-11 14:22:56 +0000] [482849] [WARNING] Invalid HTTP request received.
[2025-08-11 14:22:57 +0000] [482849] [WARNING] Invalid HTTP request received.
[2025-08-11 14:47:37 +0000] [482849] [WARNING] Invalid HTTP request received.
[2025-08-11 21:50:43 +0000] [482849] [WARNING] Invalid HTTP request received.
[2025-08-12 06:21:16 +0000] [482849] [WARNING] Invalid HTTP request received.
[2025-08-12 10:59:22 +0000] [482849] [WARNING] Invalid HTTP request received.
[2025-08-12 11:00:01 +0000] [482849] [WARNING] Invalid HTTP request received.
[2025-08-12 11:00:08 +0000] [482849] [WARNING] Invalid HTTP request received.
[2025-08-12 11:52:59 +0000] [482849] [WARNING] Invalid HTTP request received.
[2025-08-12 13:09:06 +0000] [482849] [WARNING] Invalid HTTP request received.
[2025-08-12 16:46:02 +0000] [482849] [WARNING] Invalid HTTP request received.
[2025-08-12 16:48:26 +0000] [482849] [WARNING] Invalid HTTP request received.
[2025-08-12 16:50:48 +0000] [482849] [WARNING] Invalid HTTP request received.
[2025-08-12 17:01:25 +0000] [482849] [WARNING] Invalid HTTP request received.
[2025-08-13 00:29:21 +0000] [482849] [WARNING] Invalid HTTP request received.
[2025-08-13 00:53:43 +0000] [482849] [WARNING] Invalid HTTP request received.
[2025-08-13 00:53:43 +0000] [482849] [WARNING] Invalid HTTP request received.
[2025-08-13 01:43:48 +0000] [482849] [WARNING] Invalid HTTP request received.
[2025-08-13 01:51:11 +0000] [482849] [WARNING] Invalid HTTP request received.
[2025-08-13 02:37:26 +0000] [482849] [WARNING] Invalid HTTP request received.
[2025-08-13 12:00:48 +0000] [482849] [WARNING] Invalid HTTP request received.
[2025-08-13 12:01:30 +0000] [482849] [WARNING] Invalid HTTP request received.
[2025-08-13 12:02:01 +0000] [482849] [WARNING] Invalid HTTP request received.
[2025-08-13 16:57:44 +0000] [482849] [WARNING] Invalid HTTP request received.
[2025-08-13 16:57:44 +0000] [482850] [WARNING] Invalid HTTP request received.
[2025-08-13 20:06:48 +0000] [482849] [WARNING] Invalid HTTP request received.
[2025-08-13 22:47:34 +0000] [482849] [WARNING] Invalid HTTP request received.
[2025-08-14 11:17:24 +0000] [482849] [WARNING] Invalid HTTP request received.
[2025-08-14 13:01:02 +0000] [482849] [WARNING] Invalid HTTP request received.
[2025-08-14 13:02:15 +0000] [482849] [WARNING] Invalid HTTP request received.
[2025-08-14 13:02:32 +0000] [482849] [WARNING] Invalid HTTP request received.
[2025-08-14 17:58:31 +0000] [482849] [WARNING] Invalid HTTP request received.
[2025-08-14 17:59:00 +0000] [482849] [WARNING] Invalid HTTP request received.
[2025-08-14 18:15:28 +0000] [482849] [WARNING] Invalid HTTP request received.
[2025-08-14 18:15:28 +0000] [482849] [WARNING] Invalid HTTP request received.
[2025-08-14 18:29:32 +0000] [482849] [WARNING] Invalid HTTP request received.
[2025-08-14 18:31:28 +0000] [482849] [WARNING] Invalid HTTP request received.
[2025-08-14 18:34:06 +0000] [482849] [WARNING] Invalid HTTP request received.
[2025-08-14 19:18:11 +0000] [482849] [WARNING] Invalid HTTP request received.
[2025-08-14 19:18:11 +0000] [482849] [WARNING] Invalid HTTP request received.
[2025-08-14 19:18:12 +0000] [482849] [WARNING] Invalid HTTP request received.
[2025-08-15 10:13:52 +0000] [482849] [WARNING] Invalid HTTP request received.
[2025-08-15 13:06:03 +0000] [482849] [WARNING] Invalid HTTP request received.
[2025-08-15 13:56:15 +0000] [482849] [WARNING] Invalid HTTP request received.
[2025-08-15 13:56:59 +0000] [482849] [WARNING] Invalid HTTP request received.
[2025-08-15 13:57:14 +0000] [482849] [WARNING] Invalid HTTP request received.
[2025-08-15 16:19:38 +0000] [482849] [WARNING] Invalid HTTP request received.
[2025-08-15 17:30:05 +0000] [482849] [WARNING] Invalid HTTP request received.
[2025-08-15 17:34:15 +0000] [482849] [WARNING] Invalid HTTP request received.
[2025-08-15 17:35:54 +0000] [482849] [WARNING] Invalid HTTP request received.
[2025-08-15 17:41:04 +0000] [482849] [WARNING] Invalid HTTP request received.
[2025-08-15 18:40:41 +0000] [482849] [WARNING] Invalid HTTP request received.
[2025-08-15 18:42:46 +0000] [482849] [WARNING] Invalid HTTP request received.
[2025-08-15 18:46:36 +0000] [482849] [WARNING] Invalid HTTP request received.
[2025-08-15 19:02:40 +0000] [482849] [WARNING] Invalid HTTP request received.
[2025-08-15 19:02:40 +0000] [482847] [WARNING] Invalid HTTP request received.
[2025-08-15 22:01:04 +0000] [482849] [WARNING] Invalid HTTP request received.
[2025-08-15 22:39:35 +0000] [482849] [WARNING] Invalid HTTP request received.
[2025-08-16 00:18:00 +0000] [482849] [WARNING] Invalid HTTP request received.
[2025-08-16 00:31:48 +0000] [482849] [WARNING] Invalid HTTP request received.
[2025-08-16 00:31:57 +0000] [482849] [WARNING] Invalid HTTP request received.
[2025-08-16 00:32:03 +0000] [482849] [WARNING] Invalid HTTP request received.
[2025-08-16 03:42:35 +0000] [482849] [WARNING] Invalid HTTP request received.
[2025-08-16 17:24:27 +0000] [482849] [WARNING] Invalid HTTP request received.
[2025-08-16 17:24:27 +0000] [482848] [WARNING] Invalid HTTP request received.
[2025-08-16 18:01:20 +0000] [482848] [WARNING] Invalid HTTP request received.
[2025-08-16 18:02:06 +0000] [482849] [WARNING] Invalid HTTP request received.
[2025-08-16 18:04:23 +0000] [482849] [WARNING] Invalid HTTP request received.
[2025-08-17 00:59:33 +0000] [482849] [WARNING] Invalid HTTP request received.
[2025-08-17 01:10:18 +0000] [482849] [WARNING] Invalid HTTP request received.
[2025-08-17 01:10:32 +0000] [482849] [WARNING] Invalid HTTP request received.
[2025-08-17 03:03:31 +0000] [482849] [WARNING] Invalid HTTP request received.
[2025-08-17 06:19:29 +0000] [482849] [WARNING] Invalid HTTP request received.
[2025-08-17 10:39:02 +0000] [482849] [WARNING] Invalid HTTP request received.
[2025-08-17 17:06:50 +0000] [482849] [WARNING] Invalid HTTP request received.
[2025-08-17 17:06:53 +0000] [482849] [WARNING] Invalid HTTP request received.
[2025-08-17 17:09:35 +0000] [482849] [WARNING] Invalid HTTP request received.
[2025-08-18 02:00:38 +0000] [482849] [WARNING] Invalid HTTP request received.
[2025-08-18 02:02:15 +0000] [482849] [WARNING] Invalid HTTP request received.
[2025-08-18 02:02:31 +0000] [482849] [WARNING] Invalid HTTP request received.
[2025-08-18 16:59:38 +0000] [482849] [WARNING] Invalid HTTP request received.
[2025-08-18 18:22:52 +0000] [482849] [WARNING] Invalid HTTP request received.
[2025-08-18 18:57:42 +0000] [482849] [WARNING] Invalid HTTP request received.
[2025-08-18 18:57:52 +0000] [482849] [WARNING] Invalid HTTP request received.
[2025-08-18 19:00:27 +0000] [482849] [WARNING] Invalid HTTP request received.
[2025-08-18 21:28:18 +0000] [482849] [WARNING] Invalid HTTP request received.
[2025-08-19 02:54:30 +0000] [482849] [WARNING] Invalid HTTP request received.
[2025-08-19 02:56:11 +0000] [482849] [WARNING] Invalid HTTP request received.
[2025-08-19 02:56:22 +0000] [482849] [WARNING] Invalid HTTP request received.
[2025-08-19 16:34:11 +0000] [482849] [WARNING] Invalid HTTP request received.
[2025-08-19 16:36:38 +0000] [482849] [WARNING] Invalid HTTP request received.
[2025-08-19 16:39:15 +0000] [482849] [WARNING] Invalid HTTP request received.
[2025-08-19 17:08:53 +0000] [482849] [WARNING] Invalid HTTP request received.
[2025-08-19 17:12:27 +0000] [482849] [WARNING] Invalid HTTP request received.
[2025-08-19 17:15:00 +0000] [482849] [WARNING] Invalid HTTP request received.
[2025-08-19 17:28:20 +0000] [482849] [WARNING] Invalid HTTP request received.
[2025-08-19 17:33:23 +0000] [482849] [WARNING] Invalid HTTP request received.
[2025-08-19 17:36:47 +0000] [482849] [WARNING] Invalid HTTP request received.
[2025-08-19 17:40:08 +0000] [482849] [WARNING] Invalid HTTP request received.
[2025-08-19 17:43:30 +0000] [482849] [WARNING] Invalid HTTP request received.
[2025-08-19 17:46:54 +0000] [482849] [WARNING] Invalid HTTP request received.
[2025-08-19 17:50:18 +0000] [482849] [WARNING] Invalid HTTP request received.
[2025-08-19 17:53:42 +0000] [482849] [WARNING] Invalid HTTP request received.
[2025-08-19 17:57:04 +0000] [482849] [WARNING] Invalid HTTP request received.
[2025-08-19 18:00:26 +0000] [482849] [WARNING] Invalid HTTP request received.
[2025-08-19 18:03:48 +0000] [482849] [WARNING] Invalid HTTP request received.
[2025-08-19 18:07:13 +0000] [482849] [WARNING] Invalid HTTP request received.
[2025-08-19 18:10:38 +0000] [482849] [WARNING] Invalid HTTP request received.
[2025-08-19 18:14:02 +0000] [482849] [WARNING] Invalid HTTP request received.
[2025-08-19 18:17:26 +0000] [482849] [WARNING] Invalid HTTP request received.
[2025-08-19 18:20:50 +0000] [482849] [WARNING] Invalid HTTP request received.
[2025-08-19 18:24:16 +0000] [482849] [WARNING] Invalid HTTP request received.
[2025-08-19 18:27:40 +0000] [482849] [WARNING] Invalid HTTP request received.
[2025-08-19 18:31:03 +0000] [482849] [WARNING] Invalid HTTP request received.
[2025-08-19 18:34:26 +0000] [482849] [WARNING] Invalid HTTP request received.
[2025-08-19 18:37:51 +0000] [482849] [WARNING] Invalid HTTP request received.
[2025-08-19 18:41:17 +0000] [482849] [WARNING] Invalid HTTP request received.
[2025-08-19 18:44:42 +0000] [482847] [WARNING] Invalid HTTP request received.
[2025-08-19 18:48:09 +0000] [482849] [WARNING] Invalid HTTP request received.
[2025-08-19 18:51:37 +0000] [482849] [WARNING] Invalid HTTP request received.
[2025-08-19 18:55:06 +0000] [482849] [WARNING] Invalid HTTP request received.
[2025-08-19 18:58:35 +0000] [482849] [WARNING] Invalid HTTP request received.
[2025-08-19 19:02:05 +0000] [482849] [WARNING] Invalid HTTP request received.
[2025-08-19 19:05:35 +0000] [482849] [WARNING] Invalid HTTP request received.
[2025-08-19 19:09:04 +0000] [482849] [WARNING] Invalid HTTP request received.
[2025-08-19 19:12:34 +0000] [482849] [WARNING] Invalid HTTP request received.
[2025-08-19 19:16:03 +0000] [482849] [WARNING] Invalid HTTP request received.
[2025-08-19 19:19:33 +0000] [482849] [WARNING] Invalid HTTP request received.
[2025-08-19 19:23:03 +0000] [482849] [WARNING] Invalid HTTP request received.
[2025-08-19 19:26:33 +0000] [482849] [WARNING] Invalid HTTP request received.
[2025-08-19 19:30:02 +0000] [482849] [WARNING] Invalid HTTP request received.
[2025-08-19 19:33:33 +0000] [482849] [WARNING] Invalid HTTP request received.
[2025-08-19 19:37:03 +0000] [482849] [WARNING] Invalid HTTP request received.
[2025-08-19 19:40:31 +0000] [482849] [WARNING] Invalid HTTP request received.
[2025-08-19 19:44:01 +0000] [482849] [WARNING] Invalid HTTP request received.
[2025-08-19 19:47:31 +0000] [482849] [WARNING] Invalid HTTP request received.
[2025-08-19 19:51:02 +0000] [482849] [WARNING] Invalid HTTP request received.
[2025-08-19 19:54:33 +0000] [482849] [WARNING] Invalid HTTP request received.
[2025-08-19 19:58:03 +0000] [482849] [WARNING] Invalid HTTP request received.
[2025-08-19 20:01:34 +0000] [482849] [WARNING] Invalid HTTP request received.
[2025-08-19 20:05:02 +0000] [482849] [WARNING] Invalid HTTP request received.
[2025-08-19 20:08:30 +0000] [482849] [WARNING] Invalid HTTP request received.
[2025-08-19 20:12:05 +0000] [482849] [WARNING] Invalid HTTP request received.
[2025-08-19 20:15:36 +0000] [482849] [WARNING] Invalid HTTP request received.
[2025-08-19 20:19:06 +0000] [482849] [WARNING] Invalid HTTP request received.
[2025-08-19 20:22:36 +0000] [482849] [WARNING] Invalid HTTP request received.
[2025-08-19 20:26:06 +0000] [482849] [WARNING] Invalid HTTP request received.
[2025-08-19 20:29:35 +0000] [482849] [WARNING] Invalid HTTP request received.
[2025-08-19 20:33:05 +0000] [482849] [WARNING] Invalid HTTP request received.
[2025-08-19 20:36:33 +0000] [482849] [WARNING] Invalid HTTP request received.
[2025-08-19 20:40:02 +0000] [482849] [WARNING] Invalid HTTP request received.
[2025-08-19 20:43:30 +0000] [482849] [WARNING] Invalid HTTP request received.
[2025-08-19 20:46:59 +0000] [482849] [WARNING] Invalid HTTP request received.
[2025-08-19 20:50:27 +0000] [482849] [WARNING] Invalid HTTP request received.
[2025-08-19 20:53:56 +0000] [482849] [WARNING] Invalid HTTP request received.
[2025-08-19 20:57:25 +0000] [482849] [WARNING] Invalid HTTP request received.
[2025-08-19 21:00:54 +0000] [482849] [WARNING] Invalid HTTP request received.
[2025-08-19 21:04:24 +0000] [482849] [WARNING] Invalid HTTP request received.
[2025-08-19 21:07:54 +0000] [482849] [WARNING] Invalid HTTP request received.
[2025-08-19 21:11:22 +0000] [482849] [WARNING] Invalid HTTP request received.
[2025-08-19 21:14:52 +0000] [482849] [WARNING] Invalid HTTP request received.
[2025-08-19 21:18:24 +0000] [482849] [WARNING] Invalid HTTP request received.
[2025-08-19 21:21:54 +0000] [482847] [WARNING] Invalid HTTP request received.
[2025-08-19 21:25:28 +0000] [482849] [WARNING] Invalid HTTP request received.
[2025-08-19 21:28:58 +0000] [482849] [WARNING] Invalid HTTP request received.
[2025-08-19 21:32:29 +0000] [482849] [WARNING] Invalid HTTP request received.
[2025-08-19 21:35:59 +0000] [482849] [WARNING] Invalid HTTP request received.
[2025-08-19 21:39:29 +0000] [482849] [WARNING] Invalid HTTP request received.
[2025-08-19 21:42:58 +0000] [482849] [WARNING] Invalid HTTP request received.
[2025-08-19 21:46:27 +0000] [482849] [WARNING] Invalid HTTP request received.
[2025-08-19 21:49:57 +0000] [482849] [WARNING] Invalid HTTP request received.
[2025-08-19 21:53:27 +0000] [482849] [WARNING] Invalid HTTP request received.
[2025-08-19 21:56:57 +0000] [482849] [WARNING] Invalid HTTP request received.
[2025-08-19 22:00:26 +0000] [482849] [WARNING] Invalid HTTP request received.
[2025-08-19 22:03:54 +0000] [482849] [WARNING] Invalid HTTP request received.
[2025-08-19 22:07:24 +0000] [482849] [WARNING] Invalid HTTP request received.
[2025-08-19 22:10:54 +0000] [482849] [WARNING] Invalid HTTP request received.
[2025-08-19 22:14:24 +0000] [482849] [WARNING] Invalid HTTP request received.
[2025-08-19 22:17:58 +0000] [482849] [WARNING] Invalid HTTP request received.
[2025-08-19 22:21:27 +0000] [482849] [WARNING] Invalid HTTP request received.
[2025-08-19 22:24:56 +0000] [482849] [WARNING] Invalid HTTP request received.
[2025-08-19 22:28:26 +0000] [482849] [WARNING] Invalid HTTP request received.
[2025-08-19 22:31:56 +0000] [482849] [WARNING] Invalid HTTP request received.
[2025-08-19 22:35:26 +0000] [482849] [WARNING] Invalid HTTP request received.
[2025-08-19 22:38:56 +0000] [482849] [WARNING] Invalid HTTP request received.
[2025-08-19 22:42:25 +0000] [482849] [WARNING] Invalid HTTP request received.
[2025-08-19 22:45:53 +0000] [482849] [WARNING] Invalid HTTP request received.
[2025-08-19 22:49:24 +0000] [482849] [WARNING] Invalid HTTP request received.
[2025-08-19 22:52:55 +0000] [482849] [WARNING] Invalid HTTP request received.
[2025-08-20 03:56:07 +0000] [482849] [WARNING] Invalid HTTP request received.
[2025-08-20 03:58:18 +0000] [482849] [WARNING] Invalid HTTP request received.
[2025-08-20 04:03:04 +0000] [482849] [WARNING] Invalid HTTP request received.
[2025-08-20 04:05:44 +0000] [482849] [WARNING] Invalid HTTP request received.
[2025-08-20 06:35:20 +0000] [482850] [WARNING] Invalid HTTP request received.
[2025-08-20 10:06:40 +0000] [482849] [WARNING] Invalid HTTP request received.
[2025-08-20 11:00:45 +0000] [482849] [WARNING] Invalid HTTP request received.
[2025-08-20 16:51:28 +0000] [482849] [WARNING] Invalid HTTP request received.
[2025-08-20 18:09:32 +0000] [482849] [WARNING] Invalid HTTP request received.
[2025-08-20 18:14:19 +0000] [482849] [WARNING] Invalid HTTP request received.
[2025-08-20 18:17:20 +0000] [482849] [WARNING] Invalid HTTP request received.
[2025-08-20 23:53:10 +0000] [482849] [WARNING] Invalid HTTP request received.
[2025-08-21 04:58:57 +0000] [482849] [WARNING] Invalid HTTP request received.
[2025-08-21 04:59:20 +0000] [482849] [WARNING] Invalid HTTP request received.
[2025-08-21 04:59:37 +0000] [482849] [WARNING] Invalid HTTP request received.
[2025-08-21 05:43:44 +0000] [482849] [WARNING] Invalid HTTP request received.
[2025-08-21 05:43:45 +0000] [482849] [WARNING] Invalid HTTP request received.
[2025-08-21 05:43:45 +0000] [482848] [WARNING] Invalid HTTP request received.
[2025-08-21 13:32:26 +0000] [482849] [WARNING] Invalid HTTP request received.
[2025-08-21 18:51:11 +0000] [482849] [WARNING] Invalid HTTP request received.
[2025-08-21 18:51:28 +0000] [482849] [WARNING] Invalid HTTP request received.
[2025-08-21 18:54:14 +0000] [482849] [WARNING] Invalid HTTP request received.
[2025-08-21 21:54:55 +0000] [482849] [WARNING] Invalid HTTP request received.
[2025-08-22 05:57:52 +0000] [482849] [WARNING] Invalid HTTP request received.
[2025-08-22 05:59:43 +0000] [482849] [WARNING] Invalid HTTP request received.
[2025-08-22 05:59:53 +0000] [482849] [WARNING] Invalid HTTP request received.
[2025-08-22 08:39:43 +0000] [482849] [WARNING] Invalid HTTP request received.
[2025-08-22 13:11:24 +0000] [482849] [WARNING] Invalid HTTP request received.
[2025-08-22 20:17:46 +0000] [482849] [WARNING] Invalid HTTP request received.
[2025-08-22 20:18:06 +0000] [482849] [WARNING] Invalid HTTP request received.
[2025-08-22 20:21:25 +0000] [482849] [WARNING] Invalid HTTP request received.
[2025-08-22 22:45:55 +0000] [482849] [WARNING] Invalid HTTP request received.
[2025-08-23 07:02:19 +0000] [482849] [WARNING] Invalid HTTP request received.
[2025-08-23 07:02:23 +0000] [482849] [WARNING] Invalid HTTP request received.
[2025-08-23 07:02:27 +0000] [482849] [WARNING] Invalid HTTP request received.
[2025-08-23 08:16:54 +0000] [482849] [WARNING] Invalid HTTP request received.
[2025-08-23 12:39:49 +0000] [482849] [WARNING] Invalid HTTP request received.
[2025-08-23 13:21:46 +0000] [482849] [WARNING] Invalid HTTP request received.
[2025-08-23 18:18:55 +0000] [482849] [WARNING] Invalid HTTP request received.
[2025-08-23 18:18:59 +0000] [482849] [WARNING] Invalid HTTP request received.
[2025-08-23 18:20:21 +0000] [482849] [WARNING] Invalid HTTP request received.
[2025-08-23 20:27:22 +0000] [482849] [WARNING] Invalid HTTP request received.
[2025-08-24 00:05:23 +0000] [482849] [WARNING] Invalid HTTP request received.
[2025-08-24 00:05:27 +0000] [482849] [WARNING] Invalid HTTP request received.
[2025-08-24 00:05:32 +0000] [482847] [WARNING] Invalid HTTP request received.
[2025-08-24 05:18:28 +0000] [482849] [WARNING] Invalid HTTP request received.
[2025-08-24 17:55:56 +0000] [482849] [WARNING] Invalid HTTP request received.
[2025-08-24 17:58:09 +0000] [482849] [WARNING] Invalid HTTP request received.
[2025-08-24 17:58:47 +0000] [482849] [WARNING] Invalid HTTP request received.
[2025-08-24 23:50:32 +0000] [482849] [WARNING] Invalid HTTP request received.
[2025-08-25 00:58:44 +0000] [482849] [WARNING] Invalid HTTP request received.
[2025-08-25 00:58:59 +0000] [482849] [WARNING] Invalid HTTP request received.
[2025-08-25 00:59:05 +0000] [482849] [WARNING] Invalid HTTP request received.
[2025-08-25 02:14:25 +0000] [482849] [WARNING] Invalid HTTP request received.
[2025-08-25 07:14:55 +0000] [482849] [WARNING] Invalid HTTP request received.
[2025-08-25 15:44:27 +0000] [482849] [WARNING] Invalid HTTP request received.
[2025-08-25 18:51:15 +0000] [482849] [WARNING] Invalid HTTP request received.
[2025-08-25 18:52:25 +0000] [482849] [WARNING] Invalid HTTP request received.
[2025-08-25 19:24:45 +0000] [482849] [WARNING] Invalid HTTP request received.
[2025-08-25 19:25:43 +0000] [482849] [WARNING] Invalid HTTP request received.
[2025-08-25 19:27:38 +0000] [482847] [WARNING] Invalid HTTP request received.
[2025-08-25 22:20:20 +0000] [482849] [WARNING] Invalid HTTP request received.
[2025-08-25 22:20:20 +0000] [482847] [WARNING] Invalid HTTP request received.
[2025-08-26 01:57:17 +0000] [482849] [WARNING] Invalid HTTP request received.
[2025-08-26 01:57:30 +0000] [482849] [WARNING] Invalid HTTP request received.
[2025-08-26 01:57:38 +0000] [482849] [WARNING] Invalid HTTP request received.
[2025-08-26 02:38:38 +0000] [482849] [WARNING] Invalid HTTP request received.
[2025-08-26 12:13:12 +0000] [482849] [WARNING] Invalid HTTP request received.
[2025-08-26 17:05:30 +0000] [482849] [WARNING] Invalid HTTP request received.
[2025-08-26 18:24:16 +0000] [482849] [WARNING] Invalid HTTP request received.
[2025-08-26 18:24:57 +0000] [482849] [WARNING] Invalid HTTP request received.
[2025-08-26 18:27:32 +0000] [482849] [WARNING] Invalid HTTP request received.
[2025-08-26 18:57:34 +0000] [482850] [WARNING] Invalid HTTP request received.
[2025-08-26 18:58:13 +0000] [482849] [WARNING] Invalid HTTP request received.
[2025-08-26 19:00:34 +0000] [482849] [WARNING] Invalid HTTP request received.
[2025-08-26 20:51:48 +0000] [482849] [WARNING] Invalid HTTP request received.
[2025-08-26 20:51:48 +0000] [482849] [WARNING] Invalid HTTP request received.
[2025-08-27 07:20:54 +0000] [482849] [WARNING] Invalid HTTP request received.
[2025-08-27 07:21:02 +0000] [482849] [WARNING] Invalid HTTP request received.
[2025-08-27 07:21:07 +0000] [482849] [WARNING] Invalid HTTP request received.
[2025-08-27 16:25:48 +0000] [482849] [WARNING] Invalid HTTP request received.
[2025-08-27 16:27:37 +0000] [482849] [WARNING] Invalid HTTP request received.
[2025-08-27 16:29:32 +0000] [482849] [WARNING] Invalid HTTP request received.
[2025-08-27 20:16:15 +0000] [482849] [WARNING] Invalid HTTP request received.
[2025-08-27 20:42:10 +0000] [482849] [WARNING] Invalid HTTP request received.
[2025-08-27 23:46:27 +0000] [482849] [WARNING] Invalid HTTP request received.
[2025-08-27 23:46:32 +0000] [482849] [WARNING] Invalid HTTP request received.
[2025-08-28 18:33:56 +0000] [482849] [WARNING] Invalid HTTP request received.
[2025-08-28 18:35:47 +0000] [482849] [WARNING] Invalid HTTP request received.
[2025-08-28 19:36:50 +0000] [482849] [WARNING] Invalid HTTP request received.
[2025-08-28 19:36:51 +0000] [482849] [WARNING] Invalid HTTP request received.
[2025-08-28 19:37:34 +0000] [482849] [WARNING] Invalid HTTP request received.
[2025-08-28 19:39:13 +0000] [482849] [WARNING] Invalid HTTP request received.
[2025-08-28 19:39:14 +0000] [482849] [WARNING] Invalid HTTP request received.
[2025-08-28 21:45:11 +0000] [482849] [WARNING] Invalid HTTP request received.
[2025-08-28 21:47:39 +0000] [482849] [WARNING] Invalid HTTP request received.
[2025-08-28 21:51:16 +0000] [482849] [WARNING] Invalid HTTP request received.
[2025-08-29 01:09:04 +0000] [482849] [WARNING] Invalid HTTP request received.
[2025-08-29 01:11:23 +0000] [482849] [WARNING] Invalid HTTP request received.
[2025-08-29 01:11:34 +0000] [482849] [WARNING] Invalid HTTP request received.
[2025-08-29 05:37:58 +0000] [482849] [WARNING] Invalid HTTP request received.
[2025-08-29 07:38:59 +0000] [482849] [WARNING] Invalid HTTP request received.
[2025-08-29 13:30:59 +0000] [482849] [WARNING] Invalid HTTP request received.
[2025-08-29 14:44:01 +0000] [482849] [WARNING] Invalid HTTP request received.
[2025-08-29 18:21:30 +0000] [482849] [WARNING] Invalid HTTP request received.
[2025-08-29 18:23:20 +0000] [482849] [WARNING] Invalid HTTP request received.
[2025-08-29 18:25:53 +0000] [482849] [WARNING] Invalid HTTP request received.
[2025-08-29 23:54:36 +0000] [482849] [WARNING] Invalid HTTP request received.
[2025-08-30 01:59:39 +0000] [482849] [WARNING] Invalid HTTP request received.
[2025-08-30 05:41:59 +0000] [482849] [WARNING] Invalid HTTP request received.
[2025-08-30 05:41:59 +0000] [482849] [WARNING] Invalid HTTP request received.
[2025-08-30 05:41:59 +0000] [482847] [WARNING] Invalid HTTP request received.
[2025-08-30 09:19:19 +0000] [482849] [WARNING] Invalid HTTP request received.
[2025-08-30 11:07:17 +0000] [482849] [WARNING] Invalid HTTP request received.
[2025-08-30 11:22:48 +0000] [482849] [WARNING] Invalid HTTP request received.
[2025-08-30 13:25:31 +0000] [482849] [WARNING] Invalid HTTP request received.
[2025-08-30 15:31:29 +0000] [482849] [WARNING] Invalid HTTP request received.
[2025-08-30 17:45:15 +0000] [482849] [WARNING] Invalid HTTP request received.
[2025-08-30 17:45:16 +0000] [482849] [WARNING] Invalid HTTP request received.
[2025-08-30 18:08:43 +0000] [482849] [WARNING] Invalid HTTP request received.
[2025-08-30 18:10:14 +0000] [482849] [WARNING] Invalid HTTP request received.
[2025-08-30 18:12:57 +0000] [482849] [WARNING] Invalid HTTP request received.
[2025-08-30 23:02:20 +0000] [482849] [WARNING] Invalid HTTP request received.
[2025-08-30 23:37:28 +0000] [482849] [WARNING] Invalid HTTP request received.
[2025-08-31 00:01:36 +0000] [482849] [WARNING] Invalid HTTP request received.
[2025-08-31 00:01:36 +0000] [482850] [WARNING] Invalid HTTP request received.
[2025-08-31 02:52:38 +0000] [482849] [WARNING] Invalid HTTP request received.
[2025-08-31 02:56:55 +0000] [482849] [WARNING] Invalid HTTP request received.
[2025-08-31 10:27:04 +0000] [482849] [WARNING] Invalid HTTP request received.
[2025-08-31 16:31:38 +0000] [482849] [WARNING] Invalid HTTP request received.
[2025-08-31 16:31:38 +0000] [482847] [WARNING] Invalid HTTP request received.
[2025-08-31 18:37:57 +0000] [482849] [WARNING] Invalid HTTP request received.
[2025-08-31 18:38:25 +0000] [482849] [WARNING] Invalid HTTP request received.
[2025-08-31 18:41:17 +0000] [482847] [WARNING] Invalid HTTP request received.
[2025-09-01 03:56:50 +0000] [482849] [WARNING] Invalid HTTP request received.
[2025-09-01 04:06:14 +0000] [482849] [WARNING] Invalid HTTP request received.
[2025-09-01 05:46:55 +0000] [482849] [WARNING] Invalid HTTP request received.
[2025-09-01 12:55:18 +0000] [482849] [WARNING] Invalid HTTP request received.
[2025-09-01 12:55:22 +0000] [482849] [WARNING] Invalid HTTP request received.
[2025-09-01 18:04:11 +0000] [482849] [WARNING] Invalid HTTP request received.
[2025-09-01 18:07:02 +0000] [482849] [WARNING] Invalid HTTP request received.
[2025-09-01 18:09:48 +0000] [482849] [WARNING] Invalid HTTP request received.
[2025-09-02 11:15:42 +0000] [482849] [WARNING] Invalid HTTP request received.
[2025-09-02 13:57:02 +0000] [482848] [WARNING] Invalid HTTP request received.
[2025-09-02 18:29:34 +0000] [482849] [WARNING] Invalid HTTP request received.
[2025-09-02 18:31:05 +0000] [482849] [WARNING] Invalid HTTP request received.
[2025-09-02 18:33:43 +0000] [482849] [WARNING] Invalid HTTP request received.
[2025-09-02 21:32:58 +0000] [482849] [WARNING] Invalid HTTP request received.
[2025-09-03 10:44:11 +0000] [482849] [WARNING] Invalid HTTP request received.
[2025-09-03 15:03:55 +0000] [482849] [WARNING] Invalid HTTP request received.
[2025-09-03 17:22:06 +0000] [482849] [WARNING] Invalid HTTP request received.
[2025-09-03 17:47:17 +0000] [482849] [WARNING] Invalid HTTP request received.
[2025-09-03 17:59:15 +0000] [482849] [WARNING] Invalid HTTP request received.
[2025-09-03 17:59:23 +0000] [482849] [WARNING] Invalid HTTP request received.
[2025-09-03 17:59:32 +0000] [482847] [WARNING] Invalid HTTP request received.
[2025-09-03 18:38:45 +0000] [482849] [WARNING] Invalid HTTP request received.
[2025-09-03 18:41:31 +0000] [482849] [WARNING] Invalid HTTP request received.
[2025-09-03 18:44:11 +0000] [482849] [WARNING] Invalid HTTP request received.
[2025-09-03 19:19:27 +0000] [482849] [WARNING] Invalid HTTP request received.
[2025-09-03 19:19:27 +0000] [482850] [WARNING] Invalid HTTP request received.
[2025-09-03 19:20:32 +0000] [482849] [WARNING] Invalid HTTP request received.
[2025-09-03 19:23:51 +0000] [482849] [WARNING] Invalid HTTP request received.
[2025-09-03 19:26:17 +0000] [482849] [WARNING] Invalid HTTP request received.
[2025-09-03 20:32:09 +0000] [482849] [WARNING] Invalid HTTP request received.
[2025-09-04 00:43:54 +0000] [482849] [WARNING] Invalid HTTP request received.
[2025-09-04 15:46:56 +0000] [482849] [WARNING] Invalid HTTP request received.
[2025-09-04 15:46:56 +0000] [482848] [WARNING] Invalid HTTP request received.
[2025-09-04 17:42:27 +0000] [482849] [WARNING] Invalid HTTP request received.
[2025-09-04 17:42:38 +0000] [482849] [WARNING] Invalid HTTP request received.
[2025-09-04 17:51:39 +0000] [482849] [WARNING] Invalid HTTP request received.
[2025-09-04 19:01:40 +0000] [482849] [WARNING] Invalid HTTP request received.
[2025-09-04 19:02:34 +0000] [482849] [WARNING] Invalid HTTP request received.
[2025-09-04 19:04:58 +0000] [482849] [WARNING] Invalid HTTP request received.
[2025-09-04 20:17:15 +0000] [482849] [WARNING] Invalid HTTP request received.
[2025-09-04 21:04:31 +0000] [482849] [WARNING] Invalid HTTP request received.
[2025-09-04 22:11:40 +0000] [482849] [WARNING] Invalid HTTP request received.
[2025-09-05 11:16:45 +0000] [482849] [WARNING] Invalid HTTP request received.
[2025-09-05 13:43:35 +0000] [482847] [WARNING] Invalid HTTP request received.
[2025-09-05 18:48:16 +0000] [482849] [WARNING] Invalid HTTP request received.
[2025-09-05 18:49:42 +0000] [482849] [WARNING] Invalid HTTP request received.
[2025-09-05 18:53:14 +0000] [482849] [WARNING] Invalid HTTP request received.
[2025-09-05 20:21:11 +0000] [482849] [WARNING] Invalid HTTP request received.
[2025-09-05 21:03:58 +0000] [482849] [WARNING] Invalid HTTP request received.
[2025-09-05 23:40:39 +0000] [482849] [WARNING] Invalid HTTP request received.
[2025-09-06 02:26:22 +0000] [482849] [WARNING] Invalid HTTP request received.
[2025-09-06 02:26:22 +0000] [482849] [WARNING] Invalid HTTP request received.
[2025-09-06 10:30:54 +0000] [482849] [WARNING] Invalid HTTP request received.
[2025-09-06 12:46:13 +0000] [482849] [WARNING] Invalid HTTP request received.
[2025-09-06 16:18:31 +0000] [482849] [WARNING] Invalid HTTP request received.
[2025-09-06 18:14:15 +0000] [482849] [WARNING] Invalid HTTP request received.
[2025-09-06 18:17:16 +0000] [482849] [WARNING] Invalid HTTP request received.
[2025-09-07 00:48:16 +0000] [482849] [WARNING] Invalid HTTP request received.
[2025-09-07 00:48:16 +0000] [482847] [WARNING] Invalid HTTP request received.
[2025-09-07 02:19:40 +0000] [482849] [WARNING] Invalid HTTP request received.
[2025-09-07 02:19:44 +0000] [482849] [WARNING] Invalid HTTP request received.
[2025-09-07 13:29:02 +0000] [482849] [WARNING] Invalid HTTP request received.
[2025-09-07 13:29:08 +0000] [482849] [WARNING] Invalid HTTP request received.
[2025-09-07 15:53:53 +0000] [482849] [WARNING] Invalid HTTP request received.
[2025-09-07 18:44:06 +0000] [482849] [WARNING] Invalid HTTP request received.
[2025-09-07 18:44:54 +0000] [482849] [WARNING] Invalid HTTP request received.
[2025-09-07 18:48:23 +0000] [482849] [WARNING] Invalid HTTP request received.
[2025-09-08 08:21:58 +0000] [482849] [WARNING] Invalid HTTP request received.
[2025-09-08 12:41:04 +0000] [482849] [WARNING] Invalid HTTP request received.
[2025-09-08 13:42:16 +0000] [482849] [WARNING] Invalid HTTP request received.
[2025-09-08 14:09:04 +0000] [482849] [WARNING] Invalid HTTP request received.
[2025-09-08 14:15:39 +0000] [482848] [WARNING] Invalid HTTP request received.
[2025-09-08 15:23:54 +0000] [482849] [WARNING] Invalid HTTP request received.
[2025-09-08 17:50:43 +0000] [482849] [WARNING] Invalid HTTP request received.
[2025-09-08 17:54:01 +0000] [482849] [WARNING] Invalid HTTP request received.
[2025-09-08 18:55:47 +0000] [482849] [WARNING] Invalid HTTP request received.
[2025-09-08 20:25:43 +0000] [482849] [WARNING] Invalid HTTP request received.
[2025-09-08 23:23:02 +0000] [482849] [WARNING] Invalid HTTP request received.
[2025-09-08 23:23:02 +0000] [482849] [WARNING] Invalid HTTP request received.
[2025-09-09 02:35:31 +0000] [482849] [WARNING] Invalid HTTP request received.
[2025-09-09 05:28:56 +0000] [482849] [WARNING] Invalid HTTP request received.
[2025-09-09 06:03:30 +0000] [482849] [WARNING] Invalid HTTP request received.
[2025-09-09 06:38:44 +0000] [482849] [WARNING] Invalid HTTP request received.
[2025-09-09 10:21:41 +0000] [482849] [WARNING] Invalid HTTP request received.
[2025-09-09 11:03:14 +0000] [482849] [WARNING] Invalid HTTP request received.
[2025-09-09 14:51:44 +0000] [482849] [WARNING] Invalid HTTP request received.
[2025-09-09 18:12:02 +0000] [482849] [WARNING] Invalid HTTP request received.
[2025-09-09 18:43:54 +0000] [482849] [WARNING] Invalid HTTP request received.
[2025-09-09 18:48:25 +0000] [482849] [WARNING] Invalid HTTP request received.
[2025-09-09 18:52:19 +0000] [482849] [WARNING] Invalid HTTP request received.
[2025-09-09 21:42:21 +0000] [482849] [WARNING] Invalid HTTP request received.
[2025-09-09 21:42:21 +0000] [482849] [WARNING] Invalid HTTP request received.
[2025-09-10 02:11:55 +0000] [482849] [WARNING] Invalid HTTP request received.
[2025-09-10 07:34:35 +0000] [482849] [WARNING] Invalid HTTP request received.
[2025-09-10 09:59:20 +0000] [482849] [WARNING] Invalid HTTP request received.
[2025-09-10 15:13:13 +0000] [482849] [WARNING] Invalid HTTP request received.
[2025-09-10 15:13:16 +0000] [482849] [WARNING] Invalid HTTP request received.
[2025-09-10 15:51:19 +0000] [482849] [WARNING] Invalid HTTP request received.
[2025-09-10 17:41:17 +0000] [482849] [WARNING] Invalid HTTP request received.
[2025-09-10 17:42:18 +0000] [482849] [WARNING] Invalid HTTP request received.
[2025-09-10 17:43:45 +0000] [482849] [WARNING] Invalid HTTP request received.
[2025-09-10 17:46:56 +0000] [482849] [WARNING] Invalid HTTP request received.
[2025-09-10 17:47:04 +0000] [482849] [WARNING] Invalid HTTP request received.
[2025-09-11 03:55:42 +0000] [482849] [WARNING] Invalid HTTP request received.
[2025-09-11 12:59:44 +0000] [482849] [WARNING] Invalid HTTP request received.
[2025-09-11 17:31:24 +0000] [482849] [WARNING] Invalid HTTP request received.
[2025-09-11 18:16:21 +0000] [482849] [WARNING] Invalid HTTP request received.
[2025-09-11 18:20:06 +0000] [482849] [WARNING] Invalid HTTP request received.
[2025-09-11 18:23:09 +0000] [482849] [WARNING] Invalid HTTP request received.
[2025-09-11 19:01:43 +0000] [482849] [WARNING] Invalid HTTP request received.
[2025-09-11 23:05:06 +0000] [482849] [WARNING] Invalid HTTP request received.
[2025-09-11 23:05:06 +0000] [482849] [WARNING] Invalid HTTP request received.
[2025-09-12 13:54:25 +0000] [482849] [WARNING] Invalid HTTP request received.
[2025-09-12 19:56:01 +0000] [482849] [WARNING] Invalid HTTP request received.
[2025-09-12 23:32:13 +0000] [482849] [WARNING] Invalid HTTP request received.
[2025-09-12 23:32:13 +0000] [482847] [WARNING] Invalid HTTP request received.
[2025-09-12 23:52:28 +0000] [482849] [WARNING] Invalid HTTP request received.
[2025-09-13 08:57:43 +0000] [482849] [WARNING] Invalid HTTP request received.
[2025-09-13 13:52:37 +0000] [482849] [WARNING] Invalid HTTP request received.
[2025-09-13 13:54:51 +0000] [482849] [WARNING] Invalid HTTP request received.
[2025-09-13 13:57:46 +0000] [482849] [WARNING] Invalid HTTP request received.
[2025-09-13 20:58:41 +0000] [482849] [WARNING] Invalid HTTP request received.
[2025-09-13 22:20:17 +0000] [482849] [WARNING] Invalid HTTP request received.
[2025-09-13 23:16:55 +0000] [482849] [WARNING] Invalid HTTP request received.
[2025-09-13 23:16:55 +0000] [482848] [WARNING] Invalid HTTP request received.
[2025-09-14 03:32:31 +0000] [482849] [WARNING] Invalid HTTP request received.
[2025-09-14 03:35:37 +0000] [482849] [WARNING] Invalid HTTP request received.
[2025-09-14 03:39:40 +0000] [482849] [WARNING] Invalid HTTP request received.
[2025-09-14 04:53:35 +0000] [482849] [WARNING] Invalid HTTP request received.
[2025-09-14 19:08:57 +0000] [482849] [WARNING] Invalid HTTP request received.
[2025-09-14 19:09:07 +0000] [482849] [WARNING] Invalid HTTP request received.
[2025-09-14 19:09:46 +0000] [482849] [WARNING] Invalid HTTP request received.
[2025-09-14 21:18:36 +0000] [482849] [WARNING] Invalid HTTP request received.
[2025-09-14 21:18:36 +0000] [482849] [WARNING] Invalid HTTP request received.
[2025-09-14 21:59:27 +0000] [482849] [WARNING] Invalid HTTP request received.
[2025-09-15 00:10:26 +0000] [482849] [WARNING] Invalid HTTP request received.
[2025-09-15 02:35:16 +0000] [482849] [WARNING] Invalid HTTP request received.
[2025-09-15 16:55:17 +0000] [482849] [WARNING] Invalid HTTP request received.
[2025-09-15 20:12:31 +0000] [482849] [WARNING] Invalid HTTP request received.
[2025-09-15 20:13:46 +0000] [482848] [WARNING] Invalid HTTP request received.
[2025-09-15 20:16:48 +0000] [482849] [WARNING] Invalid HTTP request received.
[2025-09-15 21:30:16 +0000] [482849] [WARNING] Invalid HTTP request received.
[2025-09-15 21:30:17 +0000] [482849] [WARNING] Invalid HTTP request received.
[2025-09-15 22:58:23 +0000] [482849] [WARNING] Invalid HTTP request received.
[2025-09-16 08:15:00 +0000] [482849] [WARNING] Invalid HTTP request received.
[2025-09-16 09:24:11 +0000] [482849] [WARNING] Invalid HTTP request received.
[2025-09-16 20:41:32 +0000] [482849] [WARNING] Invalid HTTP request received.
[2025-09-16 20:44:52 +0000] [482849] [WARNING] Invalid HTTP request received.
[2025-09-16 20:47:17 +0000] [482849] [WARNING] Invalid HTTP request received.
[2025-09-16 21:00:56 +0000] [482849] [WARNING] Invalid HTTP request received.
[2025-09-17 00:21:05 +0000] [482849] [WARNING] Invalid HTTP request received.
[2025-09-17 00:21:11 +0000] [482849] [WARNING] Invalid HTTP request received.
[2025-09-17 00:42:28 +0000] [482849] [WARNING] Invalid HTTP request received.
[2025-09-17 03:24:34 +0000] [482849] [WARNING] Invalid HTTP request received.
[2025-09-17 07:15:56 +0000] [482848] [WARNING] Invalid HTTP request received.
[2025-09-17 14:50:21 +0000] [482849] [WARNING] Invalid HTTP request received.
[2025-09-17 15:09:05 +0000] [482849] [WARNING] Invalid HTTP request received.
[2025-09-17 19:13:20 +0000] [482849] [WARNING] Invalid HTTP request received.
[2025-09-17 19:13:20 +0000] [482849] [WARNING] Invalid HTTP request received.
[2025-09-17 19:13:21 +0000] [482849] [WARNING] Invalid HTTP request received.
[2025-09-17 20:50:28 +0000] [482849] [WARNING] Invalid HTTP request received.
[2025-09-17 20:52:30 +0000] [482849] [WARNING] Invalid HTTP request received.
[2025-09-18 01:31:52 +0000] [482849] [WARNING] Invalid HTTP request received.
[2025-09-18 01:32:09 +0000] [482849] [WARNING] Invalid HTTP request received.
[2025-09-18 05:40:16 +0000] [482849] [WARNING] Invalid HTTP request received.
[2025-09-18 05:40:16 +0000] [482847] [WARNING] Invalid HTTP request received.
[2025-09-18 10:29:29 +0000] [482849] [WARNING] Invalid HTTP request received.
[2025-09-18 19:11:09 +0000] [482847] [WARNING] Invalid HTTP request received.
[2025-09-18 19:26:47 +0000] [482849] [WARNING] Invalid HTTP request received.
[2025-09-18 19:29:10 +0000] [482848] [WARNING] Invalid HTTP request received.
[2025-09-18 19:31:36 +0000] [482849] [WARNING] Invalid HTTP request received.
[2025-09-18 22:48:00 +0000] [482849] [WARNING] Invalid HTTP request received.
[2025-09-18 22:48:01 +0000] [482849] [WARNING] Invalid HTTP request received.
[2025-09-18 23:15:40 +0000] [482849] [WARNING] Invalid HTTP request received.
[2025-09-19 00:08:08 +0000] [482849] [WARNING] Invalid HTTP request received.
[2025-09-19 00:08:11 +0000] [482849] [WARNING] Invalid HTTP request received.
[2025-09-19 00:08:14 +0000] [482849] [WARNING] Invalid HTTP request received.
[2025-09-19 00:08:18 +0000] [482849] [WARNING] Invalid HTTP request received.
[2025-09-19 00:08:18 +0000] [482849] [WARNING] Invalid HTTP request received.
[2025-09-19 00:08:21 +0000] [482849] [WARNING] Invalid HTTP request received.
[2025-09-19 00:08:24 +0000] [482849] [WARNING] Invalid HTTP request received.
[2025-09-19 00:08:27 +0000] [482849] [WARNING] Invalid HTTP request received.
[2025-09-19 01:53:03 +0000] [482849] [WARNING] Invalid HTTP request received.
[2025-09-19 01:55:27 +0000] [482847] [WARNING] Invalid HTTP request received.
[2025-09-19 12:18:30 +0000] [482849] [WARNING] Invalid HTTP request received.
[2025-09-19 12:34:43 +0000] [482848] [WARNING] Invalid HTTP request received.
[2025-09-19 13:38:20 +0000] [482849] [WARNING] Invalid HTTP request received.
[2025-09-19 15:57:20 +0000] [482849] [WARNING] Invalid HTTP request received.
[2025-09-19 15:57:31 +0000] [482849] [WARNING] Invalid HTTP request received.
[2025-09-19 21:32:12 +0000] [482849] [WARNING] Invalid HTTP request received.
[2025-09-19 21:32:38 +0000] [482849] [WARNING] Invalid HTTP request received.
[2025-09-19 21:33:26 +0000] [482849] [WARNING] Invalid HTTP request received.
[2025-09-19 21:36:11 +0000] [482849] [WARNING] Invalid HTTP request received.
[2025-09-19 22:45:25 +0000] [482849] [WARNING] Invalid HTTP request received.
[2025-09-19 23:19:14 +0000] [482849] [WARNING] Invalid HTTP request received.
[2025-09-19 23:19:15 +0000] [482849] [WARNING] Invalid HTTP request received.
[2025-09-19 23:19:15 +0000] [482849] [WARNING] Invalid HTTP request received.
[2025-09-19 23:19:18 +0000] [482849] [WARNING] Invalid HTTP request received.
[2025-09-19 23:19:21 +0000] [482849] [WARNING] Invalid HTTP request received.
[2025-09-19 23:19:21 +0000] [482849] [WARNING] Invalid HTTP request received.
[2025-09-19 23:19:24 +0000] [482849] [WARNING] Invalid HTTP request received.
[2025-09-19 23:19:28 +0000] [482849] [WARNING] Invalid HTTP request received.
[2025-09-20 00:33:57 +0000] [482849] [WARNING] Invalid HTTP request received.
[2025-09-20 00:33:57 +0000] [482849] [WARNING] Invalid HTTP request received.
[2025-09-20 02:52:15 +0000] [482849] [WARNING] Invalid HTTP request received.
[2025-09-20 02:53:04 +0000] [482849] [WARNING] Invalid HTTP request received.
[2025-09-20 05:41:46 +0000] [482849] [WARNING] Invalid HTTP request received.
[2025-09-20 06:41:57 +0000] [482849] [WARNING] Invalid HTTP request received.
[2025-09-20 11:20:13 +0000] [482849] [WARNING] Invalid HTTP request received.
[2025-09-20 20:47:24 +0000] [482849] [WARNING] Invalid HTTP request received.
[2025-09-20 20:48:18 +0000] [482849] [WARNING] Invalid HTTP request received.
[2025-09-20 20:50:30 +0000] [482849] [WARNING] Invalid HTTP request received.
[2025-09-20 21:23:40 +0000] [482849] [WARNING] Invalid HTTP request received.
[2025-09-20 21:23:40 +0000] [482849] [WARNING] Invalid HTTP request received.
[2025-09-20 23:12:18 +0000] [482849] [WARNING] Invalid HTTP request received.
[2025-09-20 23:12:18 +0000] [482847] [WARNING] Invalid HTTP request received.
[2025-09-21 03:52:49 +0000] [482849] [WARNING] Invalid HTTP request received.
[2025-09-21 03:53:08 +0000] [482849] [WARNING] Invalid HTTP request received.
[2025-09-21 03:55:28 +0000] [482849] [WARNING] Invalid HTTP request received.
[2025-09-21 03:55:53 +0000] [482849] [WARNING] Invalid HTTP request received.
[2025-09-21 11:49:13 +0000] [482849] [WARNING] Invalid HTTP request received.
[2025-09-21 13:00:36 +0000] [482849] [WARNING] Invalid HTTP request received.
[2025-09-21 20:09:15 +0000] [482849] [WARNING] Invalid HTTP request received.
[2025-09-21 20:09:15 +0000] [482849] [WARNING] Invalid HTTP request received.
[2025-09-21 20:09:16 +0000] [482849] [WARNING] Invalid HTTP request received.
[2025-09-21 20:14:40 +0000] [482849] [WARNING] Invalid HTTP request received.
[2025-09-21 20:15:24 +0000] [482849] [WARNING] Invalid HTTP request received.
[2025-09-21 20:16:50 +0000] [482849] [WARNING] Invalid HTTP request received.
[2025-09-21 20:58:59 +0000] [482849] [WARNING] Invalid HTTP request received.
[2025-09-21 22:33:21 +0000] [482849] [WARNING] Invalid HTTP request received.
[2025-09-21 22:33:21 +0000] [482849] [WARNING] Invalid HTTP request received.
[2025-09-22 00:46:30 +0000] [482849] [WARNING] Invalid HTTP request received.
[2025-09-22 05:04:16 +0000] [482849] [WARNING] Invalid HTTP request received.
[2025-09-22 05:04:23 +0000] [482849] [WARNING] Invalid HTTP request received.
[2025-09-22 11:04:28 +0000] [482849] [WARNING] Invalid HTTP request received.
[2025-09-22 16:39:08 +0000] [482849] [WARNING] Invalid HTTP request received.
[2025-09-22 18:29:20 +0000] [482849] [WARNING] Invalid HTTP request received.
[2025-09-22 18:29:20 +0000] [482849] [WARNING] Invalid HTTP request received.
[2025-09-22 21:19:28 +0000] [482849] [WARNING] Invalid HTTP request received.
[2025-09-22 21:19:28 +0000] [482849] [WARNING] Invalid HTTP request received.
[2025-09-22 21:30:55 +0000] [482849] [WARNING] Invalid HTTP request received.
[2025-09-22 21:31:32 +0000] [482849] [WARNING] Invalid HTTP request received.
[2025-09-22 21:32:28 +0000] [482849] [WARNING] Invalid HTTP request received.
[2025-09-23 06:14:33 +0000] [482849] [WARNING] Invalid HTTP request received.
[2025-09-23 06:14:42 +0000] [482848] [WARNING] Invalid HTTP request received.
[2025-09-23 08:37:39 +0000] [482849] [WARNING] Invalid HTTP request received.
[2025-09-23 13:13:19 +0000] [482849] [WARNING] Invalid HTTP request received.
[2025-09-23 20:08:13 +0000] [482849] [WARNING] Invalid HTTP request received.
[2025-09-23 20:08:14 +0000] [482849] [WARNING] Invalid HTTP request received.
[2025-09-23 21:19:06 +0000] [482849] [WARNING] Invalid HTTP request received.
[2025-09-23 22:39:43 +0000] [482849] [WARNING] Invalid HTTP request received.
[2025-09-23 22:44:56 +0000] [482849] [WARNING] Invalid HTTP request received.
[2025-09-23 22:48:59 +0000] [482849] [WARNING] Invalid HTTP request received.
[2025-09-24 04:01:21 +0000] [482849] [WARNING] Invalid HTTP request received.
[2025-09-24 06:30:49 +0000] [482849] [WARNING] Invalid HTTP request received.
[2025-09-24 06:31:26 +0000] [482849] [WARNING] Invalid HTTP request received.
[2025-09-24 06:31:27 +0000] [482849] [WARNING] Invalid HTTP request received.
[2025-09-24 06:31:27 +0000] [482850] [WARNING] Invalid HTTP request received.
[2025-09-24 06:31:27 +0000] [482849] [WARNING] Invalid HTTP request received.
[2025-09-24 06:31:27 +0000] [482849] [WARNING] Invalid HTTP request received.
[2025-09-24 06:31:27 +0000] [482849] [WARNING] Invalid HTTP request received.
[2025-09-24 06:31:27 +0000] [482849] [WARNING] Invalid HTTP request received.
[2025-09-24 06:31:28 +0000] [482847] [WARNING] Invalid HTTP request received.
[2025-09-24 06:31:28 +0000] [482849] [WARNING] Invalid HTTP request received.
[2025-09-24 06:31:28 +0000] [482847] [WARNING] Invalid HTTP request received.
[2025-09-24 06:31:29 +0000] [482849] [WARNING] Invalid HTTP request received.
[2025-09-24 06:31:29 +0000] [482849] [WARNING] Invalid HTTP request received.
[2025-09-24 06:31:29 +0000] [482847] [WARNING] Invalid HTTP request received.
[2025-09-24 06:31:32 +0000] [482848] [WARNING] Invalid HTTP request received.
[2025-09-24 06:31:32 +0000] [482849] [WARNING] Invalid HTTP request received.
[2025-09-24 06:31:32 +0000] [482849] [WARNING] Invalid HTTP request received.
[2025-09-24 06:31:32 +0000] [482847] [WARNING] Invalid HTTP request received.
[2025-09-24 06:31:33 +0000] [482849] [WARNING] Invalid HTTP request received.
[2025-09-24 06:31:33 +0000] [482848] [WARNING] Invalid HTTP request received.
[2025-09-24 06:31:34 +0000] [482849] [WARNING] Invalid HTTP request received.
[2025-09-24 06:31:34 +0000] [482849] [WARNING] Invalid HTTP request received.
[2025-09-24 06:31:34 +0000] [482849] [WARNING] Invalid HTTP request received.
[2025-09-24 06:31:35 +0000] [482849] [WARNING] Invalid HTTP request received.
[2025-09-24 07:23:57 +0000] [482849] [WARNING] Invalid HTTP request received.
[2025-09-24 07:24:04 +0000] [482849] [WARNING] Invalid HTTP request received.
[2025-09-24 20:56:38 +0000] [482849] [WARNING] Invalid HTTP request received.
[2025-09-24 20:58:06 +0000] [482849] [WARNING] Invalid HTTP request received.
[2025-09-24 21:00:32 +0000] [482849] [WARNING] Invalid HTTP request received.
[2025-09-24 23:04:23 +0000] [482849] [WARNING] Invalid HTTP request received.
[2025-09-24 23:04:23 +0000] [482849] [WARNING] Invalid HTTP request received.
[2025-09-25 04:54:25 +0000] [482849] [WARNING] Invalid HTTP request received.
[2025-09-25 06:50:17 +0000] [482849] [WARNING] Invalid HTTP request received.
[2025-09-25 06:50:21 +0000] [482849] [WARNING] Invalid HTTP request received.
[2025-09-25 08:33:25 +0000] [482849] [WARNING] Invalid HTTP request received.
[2025-09-25 09:45:24 +0000] [482849] [WARNING] Invalid HTTP request received.
[2025-09-25 09:45:25 +0000] [482849] [WARNING] Invalid HTTP request received.
[2025-09-25 12:20:44 +0000] [482849] [WARNING] Invalid HTTP request received.
[2025-09-25 13:14:09 +0000] [482849] [WARNING] Invalid HTTP request received.
[2025-09-25 19:43:57 +0000] [482849] [WARNING] Invalid HTTP request received.
[2025-09-25 21:59:27 +0000] [482849] [WARNING] Invalid HTTP request received.
[2025-09-25 22:03:15 +0000] [482849] [WARNING] Invalid HTTP request received.
[2025-09-26 03:10:22 +0000] [482849] [WARNING] Invalid HTTP request received.
[2025-09-26 03:10:26 +0000] [482849] [WARNING] Invalid HTTP request received.
[2025-09-26 10:25:54 +0000] [482849] [WARNING] Invalid HTTP request received.
[2025-09-26 10:25:54 +0000] [482848] [WARNING] Invalid HTTP request received.
[2025-09-26 14:27:53 +0000] [482849] [WARNING] Invalid HTTP request received.
[2025-09-26 15:19:04 +0000] [482849] [WARNING] Invalid HTTP request received.
[2025-09-26 19:01:05 +0000] [482849] [WARNING] Invalid HTTP request received.
[2025-09-26 20:51:42 +0000] [482849] [WARNING] Invalid HTTP request received.
[2025-09-26 20:55:25 +0000] [482849] [WARNING] Invalid HTTP request received.
[2025-09-26 20:58:22 +0000] [482849] [WARNING] Invalid HTTP request received.
[2025-09-26 22:31:04 +0000] [482849] [WARNING] Invalid HTTP request received.
[2025-09-27 03:52:40 +0000] [482849] [WARNING] Invalid HTTP request received.
[2025-09-27 03:52:56 +0000] [482849] [WARNING] Invalid HTTP request received.
[2025-09-27 04:03:14 +0000] [482849] [WARNING] Invalid HTTP request received.
[2025-09-27 04:03:15 +0000] [482847] [WARNING] Invalid HTTP request received.
[2025-09-27 08:48:39 +0000] [482849] [WARNING] Invalid HTTP request received.
[2025-09-27 08:48:39 +0000] [482849] [WARNING] Invalid HTTP request received.
[2025-09-27 09:55:36 +0000] [482849] [WARNING] Invalid HTTP request received.
[2025-09-27 09:55:40 +0000] [482849] [WARNING] Invalid HTTP request received.
[2025-09-27 14:22:45 +0000] [482849] [WARNING] Invalid HTTP request received.
[2025-09-27 20:11:31 +0000] [482849] [WARNING] Invalid HTTP request received.
[2025-09-27 21:06:00 +0000] [482849] [WARNING] Invalid HTTP request received.
[2025-09-27 21:07:04 +0000] [482849] [WARNING] Invalid HTTP request received.
[2025-09-27 21:09:47 +0000] [482849] [WARNING] Invalid HTTP request received.
[2025-09-28 07:03:11 +0000] [482849] [WARNING] Invalid HTTP request received.
[2025-09-28 12:51:08 +0000] [482849] [WARNING] Invalid HTTP request received.
[2025-09-28 13:57:01 +0000] [482849] [WARNING] Invalid HTTP request received.
[2025-09-28 13:57:02 +0000] [482848] [WARNING] Invalid HTTP request received.
[2025-09-28 14:06:18 +0000] [482849] [WARNING] Invalid HTTP request received.
[2025-09-28 15:31:22 +0000] [482849] [WARNING] Invalid HTTP request received.
[2025-09-28 15:31:26 +0000] [482849] [WARNING] Invalid HTTP request received.
[2025-09-28 18:42:19 +0000] [482849] [WARNING] Invalid HTTP request received.
[2025-09-28 21:14:19 +0000] [482849] [WARNING] Invalid HTTP request received.
[2025-09-28 21:29:39 +0000] [482849] [WARNING] Invalid HTTP request received.
[2025-09-28 21:37:27 +0000] [482849] [WARNING] Invalid HTTP request received.
[2025-09-29 14:22:53 +0000] [482849] [WARNING] Invalid HTTP request received.
[2025-09-29 14:22:53 +0000] [482848] [WARNING] Invalid HTTP request received.
[2025-09-29 15:04:37 +0000] [482849] [WARNING] Invalid HTTP request received.
[2025-09-29 15:56:12 +0000] [482849] [WARNING] Invalid HTTP request received.
[2025-09-29 15:58:18 +0000] [482849] [WARNING] Invalid HTTP request received.
[2025-09-29 21:30:12 +0000] [482849] [WARNING] Invalid HTTP request received.
[2025-09-29 21:30:17 +0000] [482849] [WARNING] Invalid HTTP request received.
[2025-09-29 21:34:22 +0000] [482849] [WARNING] Invalid HTTP request received.
[2025-09-29 22:50:02 +0000] [482849] [WARNING] Invalid HTTP request received.
[2025-09-29 22:50:10 +0000] [482849] [WARNING] Invalid HTTP request received.
[2025-09-30 04:52:35 +0000] [482849] [WARNING] Invalid HTTP request received.
[2025-09-30 07:12:06 +0000] [482849] [WARNING] Invalid HTTP request received.
[2025-09-30 11:56:08 +0000] [482849] [WARNING] Invalid HTTP request received.
[2025-09-30 21:38:39 +0000] [482849] [WARNING] Invalid HTTP request received.
[2025-09-30 21:43:07 +0000] [482849] [WARNING] Invalid HTTP request received.
[2025-09-30 22:09:31 +0000] [482849] [WARNING] Invalid HTTP request received.
[2025-09-30 22:10:36 +0000] [482849] [WARNING] Invalid HTTP request received.
[2025-09-30 22:11:52 +0000] [482849] [WARNING] Invalid HTTP request received.
[2025-09-30 22:45:56 +0000] [482849] [WARNING] Invalid HTTP request received.
[2025-09-30 22:46:48 +0000] [482849] [WARNING] Invalid HTTP request received.
[2025-09-30 22:48:31 +0000] [482849] [WARNING] Invalid HTTP request received.
[2025-10-01 00:09:13 +0000] [482849] [WARNING] Invalid HTTP request received.
[2025-10-01 00:09:18 +0000] [482849] [WARNING] Invalid HTTP request received.
[2025-10-01 04:01:45 +0000] [482849] [WARNING] Invalid HTTP request received.
[2025-10-01 04:01:46 +0000] [482849] [WARNING] Invalid HTTP request received.
[2025-10-01 04:01:47 +0000] [482849] [WARNING] Invalid HTTP request received.
[2025-10-01 10:05:13 +0000] [482848] [WARNING] Invalid HTTP request received.
[2025-10-01 10:19:23 +0000] [482849] [WARNING] Invalid HTTP request received.
[2025-10-01 10:45:44 +0000] [482849] [WARNING] Invalid HTTP request received.
[2025-10-01 10:45:44 +0000] [482847] [WARNING] Invalid HTTP request received.
[2025-10-01 12:11:03 +0000] [482849] [WARNING] Invalid HTTP request received.
[2025-10-01 16:36:00 +0000] [482849] [WARNING] Invalid HTTP request received.
[2025-10-01 16:36:07 +0000] [482849] [WARNING] Invalid HTTP request received.
[2025-10-01 16:36:07 +0000] [482849] [WARNING] Invalid HTTP request received.
[2025-10-01 16:36:08 +0000] [482849] [WARNING] Invalid HTTP request received.
[2025-10-01 16:36:15 +0000] [482849] [WARNING] Invalid HTTP request received.
[2025-10-01 16:36:15 +0000] [482849] [WARNING] Invalid HTTP request received.
[2025-10-01 16:36:23 +0000] [482849] [WARNING] Invalid HTTP request received.
[2025-10-01 16:36:24 +0000] [482849] [WARNING] Invalid HTTP request received.
[2025-10-01 16:36:24 +0000] [482849] [WARNING] Invalid HTTP request received.
[2025-10-01 16:36:31 +0000] [482849] [WARNING] Invalid HTTP request received.
[2025-10-01 16:36:36 +0000] [482849] [WARNING] Invalid HTTP request received.
[2025-10-01 16:36:47 +0000] [482849] [WARNING] Invalid HTTP request received.
[2025-10-01 16:36:49 +0000] [482849] [WARNING] Invalid HTTP request received.
[2025-10-01 16:36:49 +0000] [482849] [WARNING] Invalid HTTP request received.
[2025-10-01 16:40:52 +0000] [482849] [WARNING] Invalid HTTP request received.
[2025-10-01 16:40:53 +0000] [482849] [WARNING] Invalid HTTP request received.
[2025-10-01 16:40:53 +0000] [482849] [WARNING] Invalid HTTP request received.
[2025-10-01 21:20:48 +0000] [482849] [WARNING] Invalid HTTP request received.
[2025-10-01 21:21:46 +0000] [482849] [WARNING] Invalid HTTP request received.
[2025-10-01 22:01:51 +0000] [482849] [WARNING] Invalid HTTP request received.
[2025-10-01 22:04:07 +0000] [482849] [WARNING] Invalid HTTP request received.
[2025-10-02 01:24:26 +0000] [482849] [WARNING] Invalid HTTP request received.
[2025-10-02 01:25:42 +0000] [482849] [WARNING] Invalid HTTP request received.
[2025-10-02 03:03:20 +0000] [482849] [WARNING] Invalid HTTP request received.
[2025-10-02 07:31:50 +0000] [482849] [WARNING] Invalid HTTP request received.
[2025-10-02 07:31:50 +0000] [482847] [WARNING] Invalid HTTP request received.
[2025-10-02 16:39:15 +0000] [482849] [WARNING] Invalid HTTP request received.
[2025-10-02 23:30:53 +0000] [482849] [WARNING] Invalid HTTP request received.
[2025-10-02 23:33:41 +0000] [482849] [WARNING] Invalid HTTP request received.
[2025-10-02 23:36:16 +0000] [482849] [WARNING] Invalid HTTP request received.
[2025-10-03 01:57:09 +0000] [482849] [WARNING] Invalid HTTP request received.
[2025-10-03 01:57:14 +0000] [482849] [WARNING] Invalid HTTP request received.
[2025-10-03 06:26:25 +0000] [482849] [WARNING] Invalid HTTP request received.
[2025-10-03 06:26:25 +0000] [482849] [WARNING] Invalid HTTP request received.
[2025-10-03 10:38:11 +0000] [482849] [WARNING] Invalid HTTP request received.
[2025-10-03 16:49:57 +0000] [482849] [WARNING] Invalid HTTP request received.
[2025-10-03 18:09:24 +0000] [482849] [WARNING] Invalid HTTP request received.
[2025-10-03 18:09:24 +0000] [482849] [WARNING] Invalid HTTP request received.
[2025-10-03 18:37:08 +0000] [482849] [WARNING] Invalid HTTP request received.
[2025-10-03 22:12:52 +0000] [482849] [WARNING] Invalid HTTP request received.
[2025-10-03 22:28:57 +0000] [482849] [WARNING] Invalid HTTP request received.
[2025-10-03 22:31:47 +0000] [482849] [WARNING] Invalid HTTP request received.
[2025-10-03 23:13:54 +0000] [482849] [WARNING] Invalid HTTP request received.
[2025-10-03 23:20:10 +0000] [482849] [WARNING] Invalid HTTP request received.
[2025-10-03 23:21:41 +0000] [482849] [WARNING] Invalid HTTP request received.
[2025-10-03 23:24:15 +0000] [482849] [WARNING] Invalid HTTP request received.
[2025-10-04 02:41:12 +0000] [482849] [WARNING] Invalid HTTP request received.
[2025-10-04 02:41:12 +0000] [482848] [WARNING] Invalid HTTP request received.
[2025-10-04 02:52:50 +0000] [482849] [WARNING] Invalid HTTP request received.
[2025-10-04 02:56:25 +0000] [482849] [WARNING] Invalid HTTP request received.
[2025-10-04 10:43:49 +0000] [482849] [WARNING] Invalid HTTP request received.
[2025-10-04 22:45:29 +0000] [482849] [WARNING] Invalid HTTP request received.
[2025-10-04 22:48:17 +0000] [482849] [WARNING] Invalid HTTP request received.
[2025-10-04 22:51:35 +0000] [482849] [WARNING] Invalid HTTP request received.
[2025-10-04 23:19:13 +0000] [482849] [WARNING] Invalid HTTP request received.
[2025-10-04 23:19:13 +0000] [482847] [WARNING] Invalid HTTP request received.
[2025-10-05 01:43:13 +0000] [482849] [WARNING] Invalid HTTP request received.
[2025-10-05 01:43:13 +0000] [482849] [WARNING] Invalid HTTP request received.
[2025-10-05 01:43:16 +0000] [482849] [WARNING] Invalid HTTP request received.
[2025-10-05 01:43:16 +0000] [482849] [WARNING] Invalid HTTP request received.
[2025-10-05 03:51:25 +0000] [482849] [WARNING] Invalid HTTP request received.
[2025-10-05 03:51:48 +0000] [482849] [WARNING] Invalid HTTP request received.
[2025-10-05 04:30:55 +0000] [482849] [WARNING] Invalid HTTP request received.
[2025-10-05 17:46:08 +0000] [482850] [WARNING] Invalid HTTP request received.
[2025-10-05 18:49:16 +0000] [482849] [WARNING] Invalid HTTP request received.
[2025-10-05 19:27:02 +0000] [482849] [WARNING] Invalid HTTP request received.
[2025-10-05 22:52:26 +0000] [482849] [WARNING] Invalid HTTP request received.
[2025-10-05 22:56:57 +0000] [482849] [WARNING] Invalid HTTP request received.
[2025-10-05 23:00:01 +0000] [482849] [WARNING] Invalid HTTP request received.
[2025-10-06 00:39:23 +0000] [482849] [WARNING] Invalid HTTP request received.
[2025-10-06 00:40:09 +0000] [482849] [WARNING] Invalid HTTP request received.
[2025-10-06 00:41:16 +0000] [482850] [WARNING] Invalid HTTP request received.
[2025-10-06 00:52:55 +0000] [482849] [WARNING] Invalid HTTP request received.
[2025-10-06 00:52:55 +0000] [482849] [WARNING] Invalid HTTP request received.
[2025-10-06 00:52:56 +0000] [482849] [WARNING] Invalid HTTP request received.
[2025-10-06 01:41:34 +0000] [482849] [WARNING] Invalid HTTP request received.
[2025-10-06 02:26:50 +0000] [482849] [WARNING] Invalid HTTP request received.
[2025-10-06 03:06:02 +0000] [482849] [WARNING] Invalid HTTP request received.
[2025-10-06 04:38:33 +0000] [482849] [WARNING] Invalid HTTP request received.
[2025-10-06 05:04:59 +0000] [482849] [WARNING] Invalid HTTP request received.
[2025-10-06 05:05:06 +0000] [482849] [WARNING] Invalid HTTP request received.
[2025-10-06 12:13:22 +0000] [482849] [WARNING] Invalid HTTP request received.
[2025-10-06 12:19:20 +0000] [482849] [WARNING] Invalid HTTP request received.
[2025-10-06 12:50:55 +0000] [482849] [WARNING] Invalid HTTP request received.
[2025-10-06 17:04:07 +0000] [482849] [WARNING] Invalid HTTP request received.
[2025-10-06 20:08:00 +0000] [482849] [WARNING] Invalid HTTP request received.
[2025-10-06 20:08:00 +0000] [482850] [WARNING] Invalid HTTP request received.
[2025-10-07 00:58:40 +0000] [482849] [WARNING] Invalid HTTP request received.
[2025-10-07 01:00:59 +0000] [482849] [WARNING] Invalid HTTP request received.
[2025-10-07 01:03:52 +0000] [482849] [WARNING] Invalid HTTP request received.
[2025-10-07 03:27:38 +0000] [482849] [WARNING] Invalid HTTP request received.
[2025-10-07 06:14:01 +0000] [482849] [WARNING] Invalid HTTP request received.
[2025-10-07 06:14:09 +0000] [482849] [WARNING] Invalid HTTP request received.
[2025-10-07 07:06:22 +0000] [482849] [WARNING] Invalid HTTP request received.
[2025-10-07 11:59:25 +0000] [482849] [WARNING] Invalid HTTP request received.
[2025-10-07 16:50:37 +0000] [482849] [WARNING] Invalid HTTP request received.
[2025-10-07 22:10:46 +0000] [482849] [WARNING] Invalid HTTP request received.
[2025-10-07 23:33:42 +0000] [482849] [WARNING] Invalid HTTP request received.
[2025-10-07 23:33:42 +0000] [482849] [WARNING] Invalid HTTP request received.
[2025-10-08 01:54:36 +0000] [482849] [WARNING] Invalid HTTP request received.
[2025-10-08 02:38:55 +0000] [482849] [WARNING] Invalid HTTP request received.
[2025-10-08 02:41:10 +0000] [482849] [WARNING] Invalid HTTP request received.
[2025-10-08 02:44:09 +0000] [482849] [WARNING] Invalid HTTP request received.
[2025-10-08 07:40:06 +0000] [482849] [WARNING] Invalid HTTP request received.
[2025-10-08 07:40:12 +0000] [482849] [WARNING] Invalid HTTP request received.
[2025-10-08 13:40:07 +0000] [482849] [WARNING] Invalid HTTP request received.
[2025-10-08 14:00:11 +0000] [482850] [WARNING] Invalid HTTP request received.
[2025-10-08 17:27:08 +0000] [482849] [WARNING] Invalid HTTP request received.
[2025-10-08 17:27:08 +0000] [482849] [WARNING] Invalid HTTP request received.
[2025-10-08 23:55:50 +0000] [482849] [WARNING] Invalid HTTP request received.
[2025-10-09 00:03:35 +0000] [482849] [WARNING] Invalid HTTP request received.
[2025-10-09 00:03:35 +0000] [482849] [WARNING] Invalid HTTP request received.
[2025-10-09 02:20:18 +0000] [482849] [WARNING] Invalid HTTP request received.
[2025-10-09 02:25:04 +0000] [482849] [WARNING] Invalid HTTP request received.
[2025-10-09 08:05:03 +0000] [482849] [WARNING] Invalid HTTP request received.
[2025-10-09 08:05:11 +0000] [482849] [WARNING] Invalid HTTP request received.
[2025-10-10 01:00:02 +0000] [482849] [WARNING] Invalid HTTP request received.
[2025-10-10 01:00:02 +0000] [482849] [WARNING] Invalid HTTP request received.
[2025-10-10 02:56:39 +0000] [482849] [WARNING] Invalid HTTP request received.
[2025-10-10 02:59:08 +0000] [482849] [WARNING] Invalid HTTP request received.
[2025-10-10 04:40:03 +0000] [482849] [WARNING] Invalid HTTP request received.
[2025-10-10 09:06:11 +0000] [482849] [WARNING] Invalid HTTP request received.
[2025-10-10 09:19:15 +0000] [482849] [WARNING] Invalid HTTP request received.
[2025-10-10 09:19:18 +0000] [482849] [WARNING] Invalid HTTP request received.
[2025-10-10 19:47:04 +0000] [482849] [WARNING] Invalid HTTP request received.
[2025-10-10 22:52:57 +0000] [482849] [WARNING] Invalid HTTP request received.
[2025-10-10 22:52:58 +0000] [482849] [WARNING] Invalid HTTP request received.
[2025-10-11 04:27:13 +0000] [482849] [WARNING] Invalid HTTP request received.
[2025-10-11 04:27:42 +0000] [482849] [WARNING] Invalid HTTP request received.
[2025-10-11 04:28:37 +0000] [482849] [WARNING] Invalid HTTP request received.
[2025-10-11 10:25:06 +0000] [482849] [WARNING] Invalid HTTP request received.
[2025-10-11 10:25:10 +0000] [482849] [WARNING] Invalid HTTP request received.
[2025-10-11 11:24:18 +0000] [482849] [WARNING] Invalid HTTP request received.
[2025-10-11 13:23:40 +0000] [482849] [WARNING] Invalid HTTP request received.
[2025-10-11 21:11:05 +0000] [482849] [WARNING] Invalid HTTP request received.
[2025-10-12 02:40:53 +0000] [482849] [WARNING] Invalid HTTP request received.
[2025-10-12 02:40:53 +0000] [482847] [WARNING] Invalid HTTP request received.
[2025-10-12 04:03:52 +0000] [482849] [WARNING] Invalid HTTP request received.
[2025-10-12 04:05:15 +0000] [482849] [WARNING] Invalid HTTP request received.
[2025-10-12 05:54:20 +0000] [482849] [WARNING] Invalid HTTP request received.
[2025-10-12 05:54:24 +0000] [482847] [WARNING] Invalid HTTP request received.
[2025-10-12 19:54:43 +0000] [482849] [WARNING] Invalid HTTP request received.
[2025-10-13 04:40:07 +0000] [482849] [WARNING] Invalid HTTP request received.
[2025-10-13 04:45:08 +0000] [482849] [WARNING] Invalid HTTP request received.
[2025-10-13 04:48:27 +0000] [482849] [WARNING] Invalid HTTP request received.
[2025-10-13 04:56:59 +0000] [482849] [WARNING] Invalid HTTP request received.
[2025-10-13 04:56:59 +0000] [482850] [WARNING] Invalid HTTP request received.
[2025-10-13 05:03:41 +0000] [482849] [WARNING] Invalid HTTP request received.
[2025-10-13 07:13:12 +0000] [482849] [WARNING] Invalid HTTP request received.
[2025-10-13 07:13:20 +0000] [482849] [WARNING] Invalid HTTP request received.
[2025-10-14 02:01:28 +0000] [482849] [WARNING] Invalid HTTP request received.
[2025-10-14 04:45:16 +0000] [482849] [WARNING] Invalid HTTP request received.
[2025-10-14 04:45:16 +0000] [482848] [WARNING] Invalid HTTP request received.
[2025-10-14 06:00:32 +0000] [482849] [WARNING] Invalid HTTP request received.
[2025-10-14 06:03:15 +0000] [482849] [WARNING] Invalid HTTP request received.
[2025-10-14 12:53:40 +0000] [482849] [WARNING] Invalid HTTP request received.
[2025-10-14 13:02:08 +0000] [482849] [WARNING] Invalid HTTP request received.
[2025-10-15 03:34:41 +0000] [482849] [WARNING] Invalid HTTP request received.
[2025-10-15 03:34:41 +0000] [482849] [WARNING] Invalid HTTP request received.
[2025-10-15 06:17:18 +0000] [482847] [WARNING] Invalid HTTP request received.
[2025-10-15 06:18:45 +0000] [482849] [WARNING] Invalid HTTP request received.
[2025-10-15 06:21:26 +0000] [482849] [WARNING] Invalid HTTP request received.
[2025-10-15 10:41:34 +0000] [482849] [WARNING] Invalid HTTP request received.
[2025-10-15 10:41:45 +0000] [482849] [WARNING] Invalid HTTP request received.
[2025-10-15 13:20:41 +0000] [482849] [WARNING] Invalid HTTP request received.
[2025-10-15 13:52:01 +0000] [482849] [WARNING] Invalid HTTP request received.
[2025-10-15 13:56:09 +0000] [482849] [WARNING] Invalid HTTP request received.
[2025-10-15 20:00:30 +0000] [482849] [WARNING] Invalid HTTP request received.
[2025-10-16 03:06:58 +0000] [482849] [WARNING] Invalid HTTP request received.
[2025-10-16 06:31:00 +0000] [482849] [WARNING] Invalid HTTP request received.
[2025-10-16 06:31:13 +0000] [482849] [WARNING] Invalid HTTP request received.
[2025-10-16 06:33:38 +0000] [482849] [WARNING] Invalid HTTP request received.
[2025-10-16 09:35:26 +0000] [482849] [WARNING] Invalid HTTP request received.
[2025-10-16 09:35:26 +0000] [482849] [WARNING] Invalid HTTP request received.
[2025-10-16 19:11:03 +0000] [482849] [WARNING] Invalid HTTP request received.
[2025-10-16 19:58:51 +0000] [482849] [WARNING] Invalid HTTP request received.
[2025-10-16 19:58:55 +0000] [482849] [WARNING] Invalid HTTP request received.
[2025-10-17 00:46:55 +0000] [482849] [WARNING] Invalid HTTP request received.
[2025-10-17 08:40:06 +0000] [482849] [WARNING] Invalid HTTP request received.
[2025-10-17 08:40:32 +0000] [482849] [WARNING] Invalid HTTP request received.
[2025-10-17 08:45:50 +0000] [482848] [WARNING] Invalid HTTP request received.
[2025-10-17 08:56:00 +0000] [482849] [WARNING] Invalid HTTP request received.
[2025-10-17 08:56:01 +0000] [482849] [WARNING] Invalid HTTP request received.
[2025-10-17 18:37:52 +0000] [482849] [WARNING] Invalid HTTP request received.
[2025-10-17 20:01:15 +0000] [482849] [WARNING] Invalid HTTP request received.
[2025-10-17 21:59:09 +0000] [482849] [WARNING] Invalid HTTP request received.
[2025-10-17 21:59:14 +0000] [482849] [WARNING] Invalid HTTP request received.
[2025-10-17 22:04:01 +0000] [482849] [WARNING] Invalid HTTP request received.
[2025-10-17 22:04:02 +0000] [482849] [WARNING] Invalid HTTP request received.
[2025-10-17 22:04:02 +0000] [482849] [WARNING] Invalid HTTP request received.
[2025-10-18 06:29:09 +0000] [482849] [WARNING] Invalid HTTP request received.
[2025-10-18 06:29:10 +0000] [482847] [WARNING] Invalid HTTP request received.
[2025-10-18 07:05:31 +0000] [482849] [WARNING] Invalid HTTP request received.
[2025-10-18 08:30:52 +0000] [482849] [WARNING] Invalid HTTP request received.
[2025-10-18 08:31:14 +0000] [482849] [WARNING] Invalid HTTP request received.
[2025-10-18 08:33:53 +0000] [482849] [WARNING] Invalid HTTP request received.
[2025-10-18 20:54:06 +0000] [482849] [WARNING] Invalid HTTP request received.
[2025-10-18 22:53:46 +0000] [482849] [WARNING] Invalid HTTP request received.
[2025-10-18 22:53:51 +0000] [482849] [WARNING] Invalid HTTP request received.
[2025-10-18 23:26:42 +0000] [482849] [WARNING] Invalid HTTP request received.
[2025-10-18 23:26:42 +0000] [482848] [WARNING] Invalid HTTP request received.
[2025-10-19 00:12:34 +0000] [482849] [WARNING] Invalid HTTP request received.
[2025-10-19 00:12:40 +0000] [482849] [WARNING] Invalid HTTP request received.
[2025-10-19 05:51:04 +0000] [482849] [WARNING] Invalid HTTP request received.
[2025-10-19 07:47:51 +0000] [482849] [WARNING] Invalid HTTP request received.
[2025-10-19 07:52:57 +0000] [482850] [WARNING] Invalid HTTP request received.
[2025-10-19 07:55:27 +0000] [482849] [WARNING] Invalid HTTP request received.
[2025-10-19 11:03:47 +0000] [482849] [WARNING] Invalid HTTP request received.
[2025-10-19 11:03:58 +0000] [482849] [WARNING] Invalid HTTP request received.
[2025-10-19 12:41:11 +0000] [482849] [WARNING] Invalid HTTP request received.
[2025-10-19 16:20:37 +0000] [482849] [WARNING] Invalid HTTP request received.
[2025-10-19 16:20:38 +0000] [482849] [WARNING] Invalid HTTP request received.
[2025-10-19 16:20:38 +0000] [482849] [WARNING] Invalid HTTP request received.
[2025-10-20 00:22:32 +0000] [482849] [WARNING] Invalid HTTP request received.
[2025-10-20 01:35:11 +0000] [482849] [WARNING] Invalid HTTP request received.
[2025-10-20 01:35:14 +0000] [482849] [WARNING] Invalid HTTP request received.
[2025-10-20 08:26:12 +0000] [482849] [WARNING] Invalid HTTP request received.
[2025-10-20 18:53:02 +0000] [482849] [WARNING] Invalid HTTP request received.
[2025-10-20 20:18:41 +0000] [482849] [WARNING] Invalid HTTP request received.
[2025-10-20 21:39:36 +0000] [482849] [WARNING] Invalid HTTP request received.
[2025-10-20 21:39:36 +0000] [482849] [WARNING] Invalid HTTP request received.
[2025-10-20 21:48:06 +0000] [482849] [WARNING] Invalid HTTP request received.
[2025-10-20 21:48:06 +0000] [482848] [WARNING] Invalid HTTP request received.
[2025-10-20 22:02:07 +0000] [482849] [WARNING] Invalid HTTP request received.
[2025-10-20 22:02:16 +0000] [482849] [WARNING] Invalid HTTP request received.
[2025-10-21 09:15:23 +0000] [482849] [WARNING] Invalid HTTP request received.
[2025-10-21 09:17:39 +0000] [482849] [WARNING] Invalid HTTP request received.
[2025-10-21 09:20:08 +0000] [482849] [WARNING] Invalid HTTP request received.
[2025-10-21 10:05:57 +0000] [482849] [WARNING] Invalid HTTP request received.
[2025-10-21 10:14:40 +0000] [482849] [WARNING] Invalid HTTP request received.
[2025-10-21 13:31:15 +0000] [482849] [WARNING] Invalid HTTP request received.
[2025-10-22 00:03:43 +0000] [482849] [WARNING] Invalid HTTP request received.
[2025-10-22 00:03:50 +0000] [482849] [WARNING] Invalid HTTP request received.
[2025-10-22 01:58:43 +0000] [482849] [WARNING] Invalid HTTP request received.
[2025-10-22 01:58:43 +0000] [482847] [WARNING] Invalid HTTP request received.
[2025-10-22 02:25:24 +0000] [482849] [WARNING] Invalid HTTP request received.
[2025-10-22 04:11:34 +0000] [482849] [WARNING] Invalid HTTP request received.
[2025-10-22 04:11:39 +0000] [482849] [WARNING] Invalid HTTP request received.
[2025-10-22 04:11:39 +0000] [482849] [WARNING] Invalid HTTP request received.
[2025-10-22 04:11:39 +0000] [482848] [WARNING] Invalid HTTP request received.
[2025-10-22 04:11:44 +0000] [482849] [WARNING] Invalid HTTP request received.
[2025-10-22 04:11:52 +0000] [482849] [WARNING] Invalid HTTP request received.
[2025-10-22 04:11:52 +0000] [482847] [WARNING] Invalid HTTP request received.
[2025-10-22 04:11:52 +0000] [482849] [WARNING] Invalid HTTP request received.
[2025-10-22 04:11:52 +0000] [482848] [WARNING] Invalid HTTP request received.
[2025-10-22 04:11:52 +0000] [482850] [WARNING] Invalid HTTP request received.
[2025-10-22 04:11:57 +0000] [482849] [WARNING] Invalid HTTP request received.
[2025-10-22 04:11:57 +0000] [482849] [WARNING] Invalid HTTP request received.
[2025-10-22 04:11:57 +0000] [482848] [WARNING] Invalid HTTP request received.
[2025-10-22 04:11:57 +0000] [482847] [WARNING] Invalid HTTP request received.
[2025-10-22 04:12:07 +0000] [482847] [WARNING] Invalid HTTP request received.
[2025-10-22 05:06:19 +0000] [482849] [WARNING] Invalid HTTP request received.
[2025-10-22 05:06:20 +0000] [482849] [WARNING] Invalid HTTP request received.
[2025-10-22 05:06:23 +0000] [482849] [WARNING] Invalid HTTP request received.
[2025-10-22 05:06:23 +0000] [482849] [WARNING] Invalid HTTP request received.
[2025-10-22 05:06:26 +0000] [482849] [WARNING] Invalid HTTP request received.
[2025-10-22 05:06:27 +0000] [482849] [WARNING] Invalid HTTP request received.
[2025-10-22 05:06:27 +0000] [482849] [WARNING] Invalid HTTP request received.
[2025-10-22 05:06:27 +0000] [482849] [WARNING] Invalid HTTP request received.
[2025-10-22 08:40:42 +0000] [482849] [WARNING] Invalid HTTP request received.
[2025-10-22 08:57:40 +0000] [482849] [WARNING] Invalid HTTP request received.
[2025-10-22 08:57:41 +0000] [482849] [WARNING] Invalid HTTP request received.
[2025-10-22 08:57:41 +0000] [482849] [WARNING] Invalid HTTP request received.
[2025-10-22 09:02:13 +0000] [482849] [WARNING] Invalid HTTP request received.
[2025-10-22 09:03:18 +0000] [482849] [WARNING] Invalid HTTP request received.
[2025-10-22 09:06:03 +0000] [482849] [WARNING] Invalid HTTP request received.
[2025-10-22 10:45:37 +0000] [482849] [WARNING] Invalid HTTP request received.
[2025-10-22 10:46:31 +0000] [482849] [WARNING] Invalid HTTP request received.
[2025-10-22 11:14:04 +0000] [482849] [WARNING] Invalid HTTP request received.
[2025-10-22 23:14:40 +0000] [482849] [WARNING] Invalid HTTP request received.
[2025-10-22 23:14:40 +0000] [482848] [WARNING] Invalid HTTP request received.
[2025-10-22 23:14:40 +0000] [482849] [WARNING] Invalid HTTP request received.
[2025-10-22 23:58:20 +0000] [482849] [WARNING] Invalid HTTP request received.
[2025-10-22 23:58:20 +0000] [482848] [WARNING] Invalid HTTP request received.
[2025-10-22 23:58:21 +0000] [482850] [WARNING] Invalid HTTP request received.
[2025-10-22 23:59:56 +0000] [482849] [WARNING] Invalid HTTP request received.
[2025-10-22 23:59:56 +0000] [482847] [WARNING] Invalid HTTP request received.
[2025-10-22 23:59:56 +0000] [482850] [WARNING] Invalid HTTP request received.
[2025-10-23 00:54:03 +0000] [482849] [WARNING] Invalid HTTP request received.
[2025-10-23 00:54:03 +0000] [482848] [WARNING] Invalid HTTP request received.
[2025-10-23 01:27:13 +0000] [482849] [WARNING] Invalid HTTP request received.
[2025-10-23 01:27:21 +0000] [482849] [WARNING] Invalid HTTP request received.
[2025-10-23 01:27:56 +0000] [482849] [WARNING] Invalid HTTP request received.
[2025-10-23 04:33:30 +0000] [482849] [WARNING] Invalid HTTP request received.
[2025-10-23 09:45:12 +0000] [482849] [WARNING] Invalid HTTP request received.
[2025-10-23 09:52:26 +0000] [482849] [WARNING] Invalid HTTP request received.
[2025-10-23 09:52:58 +0000] [482849] [WARNING] Invalid HTTP request received.
[2025-10-23 09:55:52 +0000] [482849] [WARNING] Invalid HTTP request received.
[2025-10-23 10:08:21 +0000] [482849] [WARNING] Invalid HTTP request received.
[2025-10-23 13:13:43 +0000] [482849] [WARNING] Invalid HTTP request received.
[2025-10-23 13:41:34 +0000] [482849] [WARNING] Invalid HTTP request received.
[2025-10-23 14:30:54 +0000] [482849] [WARNING] Invalid HTTP request received.
[2025-10-23 14:30:55 +0000] [482849] [WARNING] Invalid HTTP request received.
[2025-10-23 21:37:43 +0000] [482849] [WARNING] Invalid HTTP request received.
[2025-10-23 21:37:43 +0000] [482850] [WARNING] Invalid HTTP request received.
[2025-10-24 14:34:56 +0000] [482849] [WARNING] Invalid HTTP request received.
[2025-10-24 14:35:07 +0000] [482849] [WARNING] Invalid HTTP request received.
[2025-10-24 14:35:21 +0000] [482849] [WARNING] Invalid HTTP request received.
[2025-10-24 22:29:20 +0000] [482848] [WARNING] Invalid HTTP request received.
[2025-10-24 22:29:20 +0000] [482850] [WARNING] Invalid HTTP request received.
[2025-10-25 02:32:40 +0000] [482847] [WARNING] Invalid HTTP request received.
[2025-10-25 06:08:02 +0000] [482849] [WARNING] Invalid HTTP request received.
[2025-10-25 06:08:03 +0000] [482849] [WARNING] Invalid HTTP request received.
[2025-10-25 06:08:03 +0000] [482849] [WARNING] Invalid HTTP request received.
[2025-10-25 08:53:06 +0000] [482849] [WARNING] Invalid HTTP request received.
[2025-10-25 09:34:03 +0000] [482849] [WARNING] Invalid HTTP request received.
[2025-10-25 09:38:20 +0000] [482849] [WARNING] Invalid HTTP request received.
[2025-10-25 09:40:32 +0000] [482849] [WARNING] Invalid HTTP request received.
[2025-10-25 10:07:59 +0000] [482849] [WARNING] Invalid HTTP request received.
[2025-10-25 10:09:02 +0000] [482850] [WARNING] Invalid HTTP request received.
[2025-10-25 10:12:26 +0000] [482849] [WARNING] Invalid HTTP request received.
[2025-10-25 18:42:59 +0000] [482849] [WARNING] Invalid HTTP request received.
[2025-10-25 18:42:59 +0000] [482849] [WARNING] Invalid HTTP request received.
[2025-10-25 20:21:58 +0000] [482849] [WARNING] Invalid HTTP request received.
[2025-10-26 02:08:50 +0000] [482849] [WARNING] Invalid HTTP request received.
[2025-10-26 02:09:13 +0000] [482849] [WARNING] Invalid HTTP request received.
[2025-10-26 03:04:07 +0000] [482849] [WARNING] Invalid HTTP request received.
[2025-10-26 09:39:29 +0000] [482849] [WARNING] Invalid HTTP request received.
[2025-10-26 09:43:12 +0000] [482849] [WARNING] Invalid HTTP request received.
[2025-10-26 10:01:28 +0000] [482849] [WARNING] Invalid HTTP request received.
[2025-10-26 14:45:43 +0000] [482850] [WARNING] Invalid HTTP request received.
[2025-10-26 14:45:51 +0000] [482848] [WARNING] Invalid HTTP request received.
[2025-10-26 14:45:51 +0000] [482849] [WARNING] Invalid HTTP request received.
[2025-10-26 14:45:52 +0000] [482849] [WARNING] Invalid HTTP request received.
[2025-10-26 14:45:58 +0000] [482849] [WARNING] Invalid HTTP request received.
[2025-10-26 14:45:59 +0000] [482849] [WARNING] Invalid HTTP request received.
[2025-10-26 14:46:08 +0000] [482849] [WARNING] Invalid HTTP request received.
[2025-10-26 14:46:12 +0000] [482849] [WARNING] Invalid HTTP request received.
[2025-10-26 14:46:13 +0000] [482849] [WARNING] Invalid HTTP request received.
[2025-10-26 14:46:13 +0000] [482849] [WARNING] Invalid HTTP request received.
[2025-10-26 14:46:21 +0000] [482849] [WARNING] Invalid HTTP request received.
[2025-10-26 14:46:27 +0000] [482849] [WARNING] Invalid HTTP request received.
[2025-10-26 14:46:38 +0000] [482849] [WARNING] Invalid HTTP request received.
[2025-10-26 14:46:39 +0000] [482849] [WARNING] Invalid HTTP request received.
[2025-10-26 14:46:41 +0000] [482849] [WARNING] Invalid HTTP request received.
[2025-10-26 20:20:21 +0000] [482849] [WARNING] Invalid HTTP request received.
[2025-10-26 20:20:21 +0000] [482849] [WARNING] Invalid HTTP request received.
[2025-10-27 04:10:11 +0000] [482849] [WARNING] Invalid HTTP request received.
[2025-10-27 04:13:35 +0000] [482849] [WARNING] Invalid HTTP request received.
[2025-10-27 10:51:05 +0000] [482849] [WARNING] Invalid HTTP request received.
[2025-10-27 10:56:19 +0000] [482849] [WARNING] Invalid HTTP request received.
[2025-10-27 10:59:30 +0000] [482849] [WARNING] Invalid HTTP request received.
[2025-10-27 16:04:50 +0000] [482849] [WARNING] Invalid HTTP request received.
[2025-10-27 16:51:12 +0000] [482850] [WARNING] Invalid HTTP request received.
[2025-10-27 16:51:12 +0000] [482849] [WARNING] Invalid HTTP request received.
[2025-10-28 05:13:50 +0000] [482849] [WARNING] Invalid HTTP request received.
[2025-10-28 09:48:17 +0000] [482849] [WARNING] Invalid HTTP request received.
[2025-10-28 12:14:06 +0000] [482849] [WARNING] Invalid HTTP request received.
[2025-10-28 13:41:16 +0000] [482849] [WARNING] Invalid HTTP request received.
[2025-10-28 13:41:19 +0000] [482849] [WARNING] Invalid HTTP request received.
[2025-10-28 13:41:51 +0000] [482849] [WARNING] Invalid HTTP request received.
[2025-10-28 13:48:24 +0000] [482849] [WARNING] Invalid HTTP request received.
[2025-10-28 13:51:57 +0000] [482849] [WARNING] Invalid HTTP request received.
[2025-10-28 13:55:24 +0000] [482849] [WARNING] Invalid HTTP request received.
[2025-10-28 14:20:21 +0000] [482849] [WARNING] Invalid HTTP request received.
[2025-10-28 14:21:31 +0000] [482849] [WARNING] Invalid HTTP request received.
[2025-10-28 14:24:44 +0000] [482849] [WARNING] Invalid HTTP request received.
[2025-10-28 15:19:46 +0000] [482849] [WARNING] Invalid HTTP request received.
[2025-10-28 15:19:58 +0000] [482849] [WARNING] Invalid HTTP request received.
[2025-10-28 15:20:03 +0000] [482849] [WARNING] Invalid HTTP request received.
[2025-10-28 21:54:14 +0000] [482849] [WARNING] Invalid HTTP request received.
[2025-10-28 23:02:47 +0000] [482849] [WARNING] Invalid HTTP request received.
[2025-10-29 06:31:29 +0000] [482849] [WARNING] Invalid HTTP request received.
[2025-10-29 15:00:53 +0000] [482849] [WARNING] Invalid HTTP request received.
[2025-10-29 15:03:55 +0000] [482849] [WARNING] Invalid HTTP request received.
[2025-10-29 15:07:43 +0000] [482849] [WARNING] Invalid HTTP request received.
[2025-10-29 18:49:14 +0000] [482849] [WARNING] Invalid HTTP request received.
[2025-10-29 20:41:06 +0000] [482849] [WARNING] Invalid HTTP request received.
[2025-10-29 20:41:06 +0000] [482847] [WARNING] Invalid HTTP request received.
[2025-10-29 23:08:55 +0000] [482849] [WARNING] Invalid HTTP request received.
[2025-10-29 23:09:06 +0000] [482849] [WARNING] Invalid HTTP request received.
[2025-10-30 01:41:28 +0000] [482849] [WARNING] Invalid HTTP request received.
[2025-10-30 01:41:35 +0000] [482849] [WARNING] Invalid HTTP request received.
[2025-10-30 05:36:01 +0000] [482849] [WARNING] Invalid HTTP request received.
[2025-10-30 05:36:03 +0000] [482849] [WARNING] Invalid HTTP request received.
[2025-10-30 18:56:41 +0000] [482847] [WARNING] Invalid HTTP request received.
[2025-10-30 18:58:24 +0000] [482849] [WARNING] Invalid HTTP request received.
[2025-10-30 19:00:18 +0000] [482849] [WARNING] Invalid HTTP request received.
[2025-10-30 23:50:38 +0000] [482849] [WARNING] Invalid HTTP request received.
[2025-10-31 02:42:13 +0000] [482849] [WARNING] Invalid HTTP request received.
[2025-10-31 05:51:26 +0000] [482849] [WARNING] Invalid HTTP request received.
[2025-10-31 12:15:18 +0000] [482849] [WARNING] Invalid HTTP request received.
[2025-10-31 12:15:18 +0000] [482849] [WARNING] Invalid HTTP request received.
[2025-10-31 15:38:18 +0000] [482849] [WARNING] Invalid HTTP request received.
[2025-10-31 15:38:21 +0000] [482849] [WARNING] Invalid HTTP request received.
[2025-10-31 15:38:24 +0000] [482849] [WARNING] Invalid HTTP request received.
[2025-10-31 17:40:01 +0000] [482849] [WARNING] Invalid HTTP request received.
[2025-10-31 21:06:18 +0000] [482849] [WARNING] Invalid HTTP request received.
[2025-10-31 21:07:27 +0000] [482849] [WARNING] Invalid HTTP request received.
[2025-10-31 21:08:44 +0000] [482849] [WARNING] Invalid HTTP request received.
[2025-11-01 04:55:45 +0000] [482849] [WARNING] Invalid HTTP request received.
[2025-11-01 05:05:32 +0000] [482849] [WARNING] Invalid HTTP request received.
[2025-11-01 10:55:44 +0000] [482849] [WARNING] Invalid HTTP request received.
[2025-11-01 10:55:46 +0000] [482849] [WARNING] Invalid HTTP request received.
[2025-11-01 18:31:15 +0000] [482849] [WARNING] Invalid HTTP request received.
[2025-11-01 23:19:47 +0000] [482849] [WARNING] Invalid HTTP request received.
[2025-11-01 23:22:15 +0000] [482849] [WARNING] Invalid HTTP request received.
[2025-11-01 23:24:33 +0000] [482849] [WARNING] Invalid HTTP request received.
[2025-11-02 00:45:28 +0000] [482849] [WARNING] Invalid HTTP request received.
[2025-11-02 00:45:29 +0000] [482849] [WARNING] Invalid HTTP request received.
[2025-11-02 00:45:29 +0000] [482849] [WARNING] Invalid HTTP request received.
[2025-11-02 01:16:22 +0000] [482849] [WARNING] Invalid HTTP request received.
[2025-11-02 01:16:24 +0000] [482849] [WARNING] Invalid HTTP request received.
[2025-11-02 01:16:31 +0000] [482849] [WARNING] Invalid HTTP request received.
[2025-11-02 01:24:06 +0000] [482849] [WARNING] Invalid HTTP request received.
[2025-11-02 01:26:16 +0000] [482849] [WARNING] Invalid HTTP request received.
[2025-11-02 01:29:14 +0000] [482849] [WARNING] Invalid HTTP request received.
[2025-11-02 12:45:42 +0000] [482849] [WARNING] Invalid HTTP request received.
[2025-11-02 17:36:09 +0000] [482849] [WARNING] Invalid HTTP request received.
[2025-11-02 17:36:10 +0000] [482849] [WARNING] Invalid HTTP request received.
[2025-11-03 11:10:22 +0000] [482849] [WARNING] Invalid HTTP request received.
[2025-11-03 16:52:53 +0000] [482849] [WARNING] Invalid HTTP request received.
[2025-11-03 17:27:36 +0000] [482849] [WARNING] Invalid HTTP request received.
[2025-11-03 17:27:36 +0000] [482849] [WARNING] Invalid HTTP request received.
[2025-11-03 18:54:07 +0000] [482848] [WARNING] Invalid HTTP request received.
[2025-11-03 22:58:30 +0000] [482849] [WARNING] Invalid HTTP request received.
[2025-11-04 01:39:54 +0000] [482849] [WARNING] Invalid HTTP request received.
[2025-11-04 06:00:01 +0000] [482849] [WARNING] Invalid HTTP request received.
[2025-11-04 06:03:26 +0000] [482847] [WARNING] Invalid HTTP request received.
[2025-11-04 06:06:08 +0000] [482849] [WARNING] Invalid HTTP request received.
[2025-11-04 11:21:25 +0000] [482849] [WARNING] Invalid HTTP request received.
[2025-11-04 11:21:31 +0000] [482849] [WARNING] Invalid HTTP request received.
[2025-11-04 11:22:41 +0000] [482849] [WARNING] Invalid HTTP request received.
[2025-11-04 19:05:02 +0000] [482849] [WARNING] Invalid HTTP request received.
[2025-11-05 01:21:33 +0000] [482849] [WARNING] Invalid HTTP request received.
[2025-11-05 01:46:04 +0000] [482849] [WARNING] Invalid HTTP request received.
[2025-11-05 02:03:24 +0000] [482849] [WARNING] Invalid HTTP request received.
[2025-11-05 02:03:24 +0000] [482849] [WARNING] Invalid HTTP request received.
[2025-11-05 10:29:47 +0000] [482848] [WARNING] Invalid HTTP request received.
[2025-11-05 10:31:00 +0000] [482849] [WARNING] Invalid HTTP request received.
[2025-11-05 10:32:58 +0000] [482849] [WARNING] Invalid HTTP request received.
[2025-11-05 16:57:24 +0000] [482849] [WARNING] Invalid HTTP request received.
[2025-11-05 16:57:26 +0000] [482849] [WARNING] Invalid HTTP request received.
[2025-11-05 16:57:32 +0000] [482849] [WARNING] Invalid HTTP request received.
[2025-11-05 23:25:46 +0000] [482849] [WARNING] Invalid HTTP request received.
[2025-11-06 04:49:16 +0000] [482849] [WARNING] Invalid HTTP request received.
[2025-11-06 04:49:16 +0000] [482849] [WARNING] Invalid HTTP request received.
[2025-11-06 07:56:19 +0000] [482849] [WARNING] Invalid HTTP request received.
[2025-11-06 11:36:16 +0000] [482849] [WARNING] Invalid HTTP request received.
[2025-11-06 11:38:46 +0000] [482849] [WARNING] Invalid HTTP request received.
[2025-11-06 19:56:56 +0000] [482849] [WARNING] Invalid HTTP request received.
[2025-11-06 22:46:06 +0000] [482849] [WARNING] Invalid HTTP request received.
[2025-11-06 22:46:30 +0000] [482849] [WARNING] Invalid HTTP request received.
[2025-11-06 22:47:29 +0000] [482849] [WARNING] Invalid HTTP request received.
[2025-11-07 06:48:00 +0000] [482849] [WARNING] Invalid HTTP request received.
[2025-11-07 06:48:00 +0000] [482849] [WARNING] Invalid HTTP request received.
[2025-11-07 08:28:29 +0000] [482849] [WARNING] Invalid HTTP request received.
[2025-11-07 09:23:30 +0000] [482849] [WARNING] Invalid HTTP request received.
[2025-11-07 12:45:45 +0000] [482849] [WARNING] Invalid HTTP request received.
[2025-11-07 12:51:33 +0000] [482849] [WARNING] Invalid HTTP request received.
[2025-11-07 12:56:49 +0000] [482849] [WARNING] Invalid HTTP request received.
[2025-11-07 13:22:49 +0000] [482849] [WARNING] Invalid HTTP request received.
[2025-11-07 13:29:31 +0000] [482849] [WARNING] Invalid HTTP request received.
[2025-11-07 13:34:37 +0000] [482849] [WARNING] Invalid HTTP request received.
[2025-11-07 13:39:44 +0000] [482849] [WARNING] Invalid HTTP request received.
[2025-11-07 13:44:48 +0000] [482849] [WARNING] Invalid HTTP request received.
[2025-11-07 13:49:54 +0000] [482849] [WARNING] Invalid HTTP request received.
[2025-11-07 13:55:00 +0000] [482849] [WARNING] Invalid HTTP request received.
[2025-11-07 14:00:08 +0000] [482849] [WARNING] Invalid HTTP request received.
[2025-11-07 14:05:17 +0000] [482849] [WARNING] Invalid HTTP request received.
[2025-11-07 14:10:24 +0000] [482849] [WARNING] Invalid HTTP request received.
[2025-11-07 14:15:34 +0000] [482849] [WARNING] Invalid HTTP request received.
[2025-11-07 14:20:42 +0000] [482849] [WARNING] Invalid HTTP request received.
[2025-11-07 14:25:49 +0000] [482849] [WARNING] Invalid HTTP request received.
[2025-11-07 14:30:55 +0000] [482849] [WARNING] Invalid HTTP request received.
[2025-11-07 14:36:03 +0000] [482849] [WARNING] Invalid HTTP request received.
[2025-11-07 14:41:11 +0000] [482849] [WARNING] Invalid HTTP request received.
[2025-11-07 14:46:19 +0000] [482849] [WARNING] Invalid HTTP request received.
[2025-11-07 14:51:27 +0000] [482849] [WARNING] Invalid HTTP request received.
[2025-11-07 14:56:34 +0000] [482849] [WARNING] Invalid HTTP request received.
[2025-11-07 15:01:42 +0000] [482849] [WARNING] Invalid HTTP request received.
[2025-11-07 15:06:50 +0000] [482849] [WARNING] Invalid HTTP request received.
[2025-11-07 15:11:55 +0000] [482849] [WARNING] Invalid HTTP request received.
[2025-11-07 15:17:04 +0000] [482849] [WARNING] Invalid HTTP request received.
[2025-11-07 15:22:10 +0000] [482849] [WARNING] Invalid HTTP request received.
[2025-11-07 15:27:28 +0000] [482849] [WARNING] Invalid HTTP request received.
[2025-11-07 15:32:36 +0000] [482849] [WARNING] Invalid HTTP request received.
[2025-11-07 15:37:42 +0000] [482849] [WARNING] Invalid HTTP request received.
[2025-11-07 15:42:50 +0000] [482849] [WARNING] Invalid HTTP request received.
[2025-11-07 15:47:57 +0000] [482849] [WARNING] Invalid HTTP request received.
[2025-11-07 15:53:07 +0000] [482849] [WARNING] Invalid HTTP request received.
[2025-11-07 15:58:25 +0000] [482849] [WARNING] Invalid HTTP request received.
[2025-11-07 16:03:41 +0000] [482849] [WARNING] Invalid HTTP request received.
[2025-11-07 16:08:56 +0000] [482849] [WARNING] Invalid HTTP request received.
[2025-11-07 16:12:47 +0000] [482849] [WARNING] Invalid HTTP request received.
[2025-11-07 16:13:51 +0000] [482849] [WARNING] Invalid HTTP request received.
[2025-11-07 16:14:16 +0000] [482849] [WARNING] Invalid HTTP request received.
[2025-11-07 16:16:14 +0000] [482849] [WARNING] Invalid HTTP request received.
[2025-11-07 16:19:31 +0000] [482849] [WARNING] Invalid HTTP request received.
[2025-11-07 16:24:43 +0000] [482849] [WARNING] Invalid HTTP request received.
[2025-11-07 16:30:04 +0000] [482849] [WARNING] Invalid HTTP request received.
[2025-11-07 16:35:22 +0000] [482849] [WARNING] Invalid HTTP request received.
[2025-11-07 16:40:40 +0000] [482849] [WARNING] Invalid HTTP request received.
[2025-11-07 16:46:06 +0000] [482849] [WARNING] Invalid HTTP request received.
[2025-11-07 16:51:25 +0000] [482849] [WARNING] Invalid HTTP request received.
[2025-11-07 16:56:49 +0000] [482849] [WARNING] Invalid HTTP request received.
[2025-11-07 17:02:06 +0000] [482849] [WARNING] Invalid HTTP request received.
[2025-11-07 17:07:27 +0000] [482849] [WARNING] Invalid HTTP request received.
[2025-11-07 17:12:53 +0000] [482849] [WARNING] Invalid HTTP request received.
[2025-11-07 17:18:16 +0000] [482849] [WARNING] Invalid HTTP request received.
[2025-11-07 17:23:41 +0000] [482849] [WARNING] Invalid HTTP request received.
[2025-11-07 17:28:59 +0000] [482849] [WARNING] Invalid HTTP request received.
[2025-11-07 17:34:29 +0000] [482849] [WARNING] Invalid HTTP request received.
[2025-11-07 17:39:50 +0000] [482849] [WARNING] Invalid HTTP request received.
[2025-11-07 17:45:03 +0000] [482849] [WARNING] Invalid HTTP request received.
[2025-11-07 17:50:32 +0000] [482849] [WARNING] Invalid HTTP request received.
[2025-11-07 17:55:58 +0000] [482849] [WARNING] Invalid HTTP request received.
[2025-11-07 18:01:17 +0000] [482849] [WARNING] Invalid HTTP request received.
[2025-11-07 18:06:46 +0000] [482849] [WARNING] Invalid HTTP request received.
[2025-11-07 18:11:43 +0000] [482849] [WARNING] Invalid HTTP request received.
[2025-11-07 18:11:43 +0000] [482849] [WARNING] Invalid HTTP request received.
[2025-11-07 18:11:44 +0000] [482849] [WARNING] Invalid HTTP request received.
[2025-11-07 18:12:16 +0000] [482849] [WARNING] Invalid HTTP request received.
[2025-11-07 18:17:44 +0000] [482849] [WARNING] Invalid HTTP request received.
[2025-11-07 18:23:07 +0000] [482849] [WARNING] Invalid HTTP request received.
[2025-11-07 18:28:27 +0000] [482849] [WARNING] Invalid HTTP request received.
[2025-11-07 18:33:49 +0000] [482849] [WARNING] Invalid HTTP request received.
[2025-11-07 18:39:21 +0000] [482849] [WARNING] Invalid HTTP request received.
[2025-11-07 18:44:55 +0000] [482849] [WARNING] Invalid HTTP request received.
[2025-11-07 18:50:28 +0000] [482849] [WARNING] Invalid HTTP request received.
[2025-11-07 18:56:05 +0000] [482849] [WARNING] Invalid HTTP request received.
[2025-11-07 19:01:36 +0000] [482849] [WARNING] Invalid HTTP request received.
[2025-11-07 19:07:10 +0000] [482849] [WARNING] Invalid HTTP request received.
[2025-11-07 19:12:43 +0000] [482849] [WARNING] Invalid HTTP request received.
[2025-11-07 19:18:28 +0000] [482849] [WARNING] Invalid HTTP request received.
[2025-11-07 19:24:00 +0000] [482849] [WARNING] Invalid HTTP request received.
[2025-11-07 19:29:18 +0000] [482848] [WARNING] Invalid HTTP request received.
[2025-11-07 19:34:35 +0000] [482849] [WARNING] Invalid HTTP request received.
[2025-11-07 19:40:06 +0000] [482849] [WARNING] Invalid HTTP request received.
[2025-11-07 19:45:08 +0000] [482849] [WARNING] Invalid HTTP request received.
[2025-11-07 19:50:15 +0000] [482849] [WARNING] Invalid HTTP request received.
[2025-11-07 19:55:26 +0000] [482849] [WARNING] Invalid HTTP request received.
[2025-11-07 20:00:26 +0000] [482847] [WARNING] Invalid HTTP request received.
[2025-11-07 20:05:30 +0000] [482849] [WARNING] Invalid HTTP request received.
[2025-11-07 20:10:43 +0000] [482849] [WARNING] Invalid HTTP request received.
[2025-11-07 20:15:44 +0000] [482847] [WARNING] Invalid HTTP request received.
[2025-11-07 20:20:53 +0000] [482849] [WARNING] Invalid HTTP request received.
[2025-11-07 20:26:03 +0000] [482849] [WARNING] Invalid HTTP request received.
[2025-11-07 20:31:05 +0000] [482849] [WARNING] Invalid HTTP request received.
[2025-11-07 20:36:06 +0000] [482849] [WARNING] Invalid HTTP request received.
[2025-11-07 20:41:07 +0000] [482849] [WARNING] Invalid HTTP request received.
[2025-11-07 20:46:09 +0000] [482849] [WARNING] Invalid HTTP request received.
[2025-11-07 20:51:23 +0000] [482849] [WARNING] Invalid HTTP request received.
[2025-11-07 20:56:23 +0000] [482849] [WARNING] Invalid HTTP request received.
[2025-11-07 21:01:32 +0000] [482849] [WARNING] Invalid HTTP request received.
[2025-11-07 21:06:52 +0000] [482849] [WARNING] Invalid HTTP request received.
[2025-11-07 21:12:21 +0000] [482849] [WARNING] Invalid HTTP request received.
[2025-11-07 21:17:37 +0000] [482849] [WARNING] Invalid HTTP request received.
[2025-11-07 21:22:56 +0000] [482849] [WARNING] Invalid HTTP request received.
[2025-11-07 21:28:07 +0000] [482849] [WARNING] Invalid HTTP request received.
[2025-11-07 21:33:21 +0000] [482849] [WARNING] Invalid HTTP request received.
[2025-11-07 21:38:29 +0000] [482849] [WARNING] Invalid HTTP request received.
[2025-11-07 21:43:46 +0000] [482849] [WARNING] Invalid HTTP request received.
[2025-11-07 21:48:48 +0000] [482848] [WARNING] Invalid HTTP request received.
[2025-11-07 21:53:50 +0000] [482849] [WARNING] Invalid HTTP request received.
[2025-11-07 21:59:01 +0000] [482849] [WARNING] Invalid HTTP request received.
[2025-11-07 22:04:04 +0000] [482849] [WARNING] Invalid HTTP request received.
[2025-11-07 22:09:06 +0000] [482849] [WARNING] Invalid HTTP request received.
[2025-11-08 04:23:55 +0000] [482849] [WARNING] Invalid HTTP request received.
[2025-11-08 04:23:58 +0000] [482849] [WARNING] Invalid HTTP request received.
[2025-11-08 04:24:24 +0000] [482849] [WARNING] Invalid HTTP request received.
[2025-11-08 05:50:15 +0000] [482849] [WARNING] Invalid HTTP request received.
[2025-11-08 05:50:18 +0000] [482849] [WARNING] Invalid HTTP request received.
[2025-11-08 05:50:25 +0000] [482849] [WARNING] Invalid HTTP request received.
[2025-11-08 07:51:12 +0000] [482849] [WARNING] Invalid HTTP request received.
[2025-11-08 07:51:12 +0000] [482849] [WARNING] Invalid HTTP request received.
[2025-11-08 08:28:59 +0000] [482849] [WARNING] Invalid HTTP request received.
[2025-11-08 14:40:07 +0000] [482849] [WARNING] Invalid HTTP request received.
[2025-11-08 16:23:55 +0000] [482849] [WARNING] Invalid HTTP request received.
[2025-11-08 17:46:43 +0000] [482849] [WARNING] Invalid HTTP request received.
[2025-11-08 19:54:10 +0000] [482849] [WARNING] Invalid HTTP request received.
[2025-11-08 21:29:34 +0000] [482849] [WARNING] Invalid HTTP request received.
[2025-11-08 21:45:14 +0000] [482849] [WARNING] Invalid HTTP request received.
[2025-11-09 05:37:15 +0000] [482849] [WARNING] Invalid HTTP request received.
[2025-11-09 05:37:15 +0000] [482849] [WARNING] Invalid HTTP request received.
[2025-11-09 07:13:47 +0000] [482849] [WARNING] Invalid HTTP request received.
[2025-11-09 07:13:49 +0000] [482849] [WARNING] Invalid HTTP request received.
[2025-11-09 07:13:57 +0000] [482849] [WARNING] Invalid HTTP request received.
[2025-11-10 02:17:25 +0000] [482849] [WARNING] Invalid HTTP request received.
[2025-11-10 04:44:42 +0000] [482849] [WARNING] Invalid HTTP request received.
[2025-11-10 04:44:43 +0000] [482849] [WARNING] Invalid HTTP request received.
[2025-11-10 05:37:44 +0000] [482849] [WARNING] Invalid HTTP request received.
[2025-11-10 05:39:26 +0000] [482849] [WARNING] Invalid HTTP request received.
[2025-11-10 05:42:17 +0000] [482849] [WARNING] Invalid HTTP request received.
[2025-11-10 10:25:40 +0000] [482849] [WARNING] Invalid HTTP request received.
[2025-11-10 10:25:43 +0000] [482849] [WARNING] Invalid HTTP request received.
[2025-11-10 10:25:47 +0000] [482849] [WARNING] Invalid HTTP request received.
[2025-11-10 16:32:23 +0000] [482849] [WARNING] Invalid HTTP request received.
[2025-11-10 16:32:34 +0000] [482849] [WARNING] Invalid HTTP request received.
[2025-11-10 23:18:07 +0000] [482849] [WARNING] Invalid HTTP request received.
[2025-11-10 23:18:08 +0000] [482849] [WARNING] Invalid HTTP request received.
[2025-11-10 23:18:09 +0000] [482849] [WARNING] Invalid HTTP request received.
[2025-11-11 04:33:36 +0000] [482849] [WARNING] Invalid HTTP request received.
[2025-11-11 04:33:36 +0000] [482847] [WARNING] Invalid HTTP request received.
[2025-11-11 10:06:17 +0000] [482849] [WARNING] Invalid HTTP request received.
[2025-11-11 11:07:30 +0000] [482849] [WARNING] Invalid HTTP request received.
[2025-11-11 11:07:30 +0000] [482849] [WARNING] Invalid HTTP request received.
[2025-11-11 11:07:33 +0000] [482849] [WARNING] Invalid HTTP request received.
[2025-11-11 12:06:56 +0000] [482850] [WARNING] Invalid HTTP request received.
[2025-11-11 12:10:39 +0000] [482849] [WARNING] Invalid HTTP request received.
[2025-11-11 12:13:22 +0000] [482849] [WARNING] Invalid HTTP request received.
[2025-11-12 02:38:32 +0000] [482849] [WARNING] Invalid HTTP request received.
[2025-11-12 02:38:32 +0000] [482849] [WARNING] Invalid HTTP request received.
[2025-11-12 15:10:19 +0000] [482849] [WARNING] Invalid HTTP request received.
[2025-11-12 15:10:29 +0000] [482849] [WARNING] Invalid HTTP request received.
[2025-11-12 15:12:04 +0000] [482849] [WARNING] Invalid HTTP request received.
[2025-11-12 17:48:49 +0000] [482849] [WARNING] Invalid HTTP request received.
[2025-11-12 20:58:56 +0000] [482849] [WARNING] Invalid HTTP request received.
[2025-11-12 20:58:58 +0000] [482849] [WARNING] Invalid HTTP request received.
[2025-11-12 21:00:22 +0000] [482849] [WARNING] Invalid HTTP request received.
[2025-11-13 01:04:32 +0000] [482849] [WARNING] Invalid HTTP request received.
[2025-11-13 01:04:32 +0000] [482850] [WARNING] Invalid HTTP request received.
[2025-11-13 05:51:21 +0000] [482849] [WARNING] Invalid HTTP request received.
[2025-11-13 06:46:32 +0000] [482849] [WARNING] Invalid HTTP request received.
[2025-11-13 06:46:43 +0000] [482849] [WARNING] Invalid HTTP request received.
[2025-11-13 11:51:31 +0000] [482849] [WARNING] Invalid HTTP request received.
[2025-11-13 11:54:25 +0000] [482849] [WARNING] Invalid HTTP request received.
[2025-11-13 11:57:56 +0000] [482849] [WARNING] Invalid HTTP request received.
[2025-11-13 21:59:00 +0000] [482849] [WARNING] Invalid HTTP request received.
[2025-11-13 21:59:16 +0000] [482849] [WARNING] Invalid HTTP request received.
[2025-11-13 21:59:31 +0000] [482849] [WARNING] Invalid HTTP request received.
[2025-11-13 22:43:55 +0000] [482849] [WARNING] Invalid HTTP request received.
[2025-11-13 22:43:55 +0000] [482850] [WARNING] Invalid HTTP request received.
[2025-11-13 23:30:18 +0000] [482850] [WARNING] Invalid HTTP request received.
[2025-11-14 00:42:31 +0000] [482849] [WARNING] Invalid HTTP request received.
[2025-11-14 11:12:51 +0000] [482850] [WARNING] Invalid HTTP request received.
[2025-11-14 11:12:51 +0000] [482848] [WARNING] Invalid HTTP request received.
[2025-11-14 11:22:05 +0000] [482849] [WARNING] Invalid HTTP request received.
[2025-11-14 11:56:42 +0000] [482849] [WARNING] Invalid HTTP request received.
[2025-11-14 11:56:58 +0000] [482849] [WARNING] Invalid HTTP request received.
[2025-11-14 11:59:34 +0000] [482849] [WARNING] Invalid HTTP request received.
[2025-11-14 12:51:55 +0000] [482849] [WARNING] Invalid HTTP request received.
[2025-11-14 14:48:10 +0000] [482850] [WARNING] Invalid HTTP request received.
[2025-11-14 15:49:03 +0000] [482849] [WARNING] Invalid HTTP request received.
[2025-11-15 00:14:15 +0000] [482850] [WARNING] Invalid HTTP request received.
[2025-11-15 00:14:16 +0000] [482849] [WARNING] Invalid HTTP request received.
[2025-11-15 00:15:24 +0000] [482849] [WARNING] Invalid HTTP request received.
[2025-11-15 03:01:37 +0000] [482849] [WARNING] Invalid HTTP request received.
[2025-11-15 03:01:38 +0000] [482849] [WARNING] Invalid HTTP request received.
[2025-11-15 09:13:30 +0000] [482849] [WARNING] Invalid HTTP request received.
[2025-11-15 09:33:00 +0000] [482849] [WARNING] Invalid HTTP request received.
[2025-11-15 09:33:05 +0000] [482849] [WARNING] Invalid HTTP request received.
[2025-11-15 09:33:05 +0000] [482849] [WARNING] Invalid HTTP request received.
[2025-11-15 09:33:05 +0000] [482849] [WARNING] Invalid HTTP request received.
[2025-11-15 09:33:10 +0000] [482849] [WARNING] Invalid HTTP request received.
[2025-11-15 09:33:17 +0000] [482849] [WARNING] Invalid HTTP request received.
[2025-11-15 09:33:17 +0000] [482850] [WARNING] Invalid HTTP request received.
[2025-11-15 09:33:17 +0000] [482849] [WARNING] Invalid HTTP request received.
[2025-11-15 09:33:17 +0000] [482848] [WARNING] Invalid HTTP request received.
[2025-11-15 09:33:17 +0000] [482847] [WARNING] Invalid HTTP request received.
[2025-11-15 09:33:22 +0000] [482849] [WARNING] Invalid HTTP request received.
[2025-11-15 09:33:22 +0000] [482849] [WARNING] Invalid HTTP request received.
[2025-11-15 09:33:25 +0000] [482849] [WARNING] Invalid HTTP request received.
[2025-11-15 09:33:35 +0000] [482849] [WARNING] Invalid HTTP request received.
[2025-11-15 12:59:33 +0000] [482849] [WARNING] Invalid HTTP request received.
[2025-11-15 12:59:34 +0000] [482849] [WARNING] Invalid HTTP request received.
[2025-11-15 12:59:35 +0000] [482849] [WARNING] Invalid HTTP request received.
[2025-11-15 13:55:18 +0000] [482849] [WARNING] Invalid HTTP request received.
[2025-11-15 13:57:24 +0000] [482849] [WARNING] Invalid HTTP request received.
[2025-11-15 14:00:05 +0000] [482849] [WARNING] Invalid HTTP request received.
[2025-11-15 20:08:30 +0000] [482849] [WARNING] Invalid HTTP request received.
[2025-11-15 21:38:54 +0000] [482847] [WARNING] Invalid HTTP request received.
[2025-11-15 21:38:54 +0000] [482848] [WARNING] Invalid HTTP request received.
[2025-11-15 21:38:54 +0000] [482849] [WARNING] Invalid HTTP request received.
[2025-11-15 21:38:54 +0000] [482847] [WARNING] Invalid HTTP request received.
[2025-11-15 21:38:54 +0000] [482848] [WARNING] Invalid HTTP request received.
[2025-11-15 21:38:54 +0000] [482848] [WARNING] Invalid HTTP request received.
[2025-11-15 21:38:54 +0000] [482848] [WARNING] Invalid HTTP request received.
[2025-11-15 21:38:54 +0000] [482849] [WARNING] Invalid HTTP request received.
[2025-11-15 21:38:54 +0000] [482849] [WARNING] Invalid HTTP request received.
[2025-11-15 21:38:54 +0000] [482849] [WARNING] Invalid HTTP request received.
[2025-11-15 21:38:54 +0000] [482849] [WARNING] Invalid HTTP request received.
[2025-11-15 21:38:54 +0000] [482850] [WARNING] Invalid HTTP request received.
[2025-11-15 21:38:54 +0000] [482850] [WARNING] Invalid HTTP request received.
[2025-11-15 21:38:54 +0000] [482850] [WARNING] Invalid HTTP request received.
[2025-11-15 21:38:54 +0000] [482850] [WARNING] Invalid HTTP request received.
[2025-11-15 21:38:54 +0000] [482850] [WARNING] Invalid HTTP request received.
[2025-11-15 21:38:54 +0000] [482850] [WARNING] Invalid HTTP request received.
[2025-11-15 21:38:54 +0000] [482849] [WARNING] Invalid HTTP request received.
[2025-11-15 21:38:54 +0000] [482849] [WARNING] Invalid HTTP request received.
[2025-11-15 21:38:54 +0000] [482847] [WARNING] Invalid HTTP request received.
[2025-11-15 21:38:54 +0000] [482847] [WARNING] Invalid HTTP request received.
[2025-11-15 21:38:54 +0000] [482850] [WARNING] Invalid HTTP request received.
[2025-11-15 21:38:54 +0000] [482850] [WARNING] Invalid HTTP request received.
[2025-11-15 21:38:54 +0000] [482849] [WARNING] Invalid HTTP request received.
[2025-11-15 21:38:54 +0000] [482848] [WARNING] Invalid HTTP request received.
[2025-11-15 21:38:54 +0000] [482848] [WARNING] Invalid HTTP request received.
[2025-11-15 21:38:54 +0000] [482848] [WARNING] Invalid HTTP request received.
[2025-11-15 21:38:54 +0000] [482848] [WARNING] Invalid HTTP request received.
[2025-11-15 21:38:54 +0000] [482848] [WARNING] Invalid HTTP request received.
[2025-11-15 21:38:54 +0000] [482848] [WARNING] Invalid HTTP request received.
[2025-11-15 21:38:54 +0000] [482848] [WARNING] Invalid HTTP request received.
[2025-11-15 21:38:54 +0000] [482847] [WARNING] Invalid HTTP request received.
[2025-11-15 21:38:54 +0000] [482847] [WARNING] Invalid HTTP request received.
[2025-11-15 21:38:54 +0000] [482847] [WARNING] Invalid HTTP request received.
[2025-11-15 21:38:54 +0000] [482847] [WARNING] Invalid HTTP request received.
[2025-11-15 21:38:54 +0000] [482847] [WARNING] Invalid HTTP request received.
[2025-11-15 21:38:54 +0000] [482847] [WARNING] Invalid HTTP request received.
[2025-11-15 21:38:54 +0000] [482847] [WARNING] Invalid HTTP request received.
[2025-11-15 21:38:54 +0000] [482849] [WARNING] Invalid HTTP request received.
[2025-11-15 21:38:54 +0000] [482849] [WARNING] Invalid HTTP request received.
[2025-11-15 21:38:54 +0000] [482849] [WARNING] Invalid HTTP request received.
[2025-11-16 00:00:46 +0000] [482849] [WARNING] Invalid HTTP request received.
[2025-11-16 00:00:46 +0000] [482848] [WARNING] Invalid HTTP request received.
[2025-11-16 03:11:33 +0000] [482849] [WARNING] Invalid HTTP request received.
[2025-11-16 03:11:42 +0000] [482849] [WARNING] Invalid HTTP request received.
[2025-11-16 03:11:51 +0000] [482849] [WARNING] Invalid HTTP request received.
[2025-11-16 09:54:53 +0000] [482849] [WARNING] Invalid HTTP request received.
[2025-11-16 15:46:19 +0000] [482849] [WARNING] Invalid HTTP request received.
[2025-11-16 22:12:57 +0000] [482849] [WARNING] Invalid HTTP request received.
[2025-11-16 22:12:57 +0000] [482849] [WARNING] Invalid HTTP request received.
[2025-11-17 08:13:20 +0000] [482849] [WARNING] Invalid HTTP request received.
[2025-11-17 08:13:26 +0000] [482849] [WARNING] Invalid HTTP request received.
[2025-11-17 08:13:53 +0000] [482849] [WARNING] Invalid HTTP request received.
[2025-11-17 13:45:33 +0000] [482849] [WARNING] Invalid HTTP request received.
[2025-11-17 13:47:18 +0000] [482849] [WARNING] Invalid HTTP request received.
[2025-11-17 13:49:46 +0000] [482849] [WARNING] Invalid HTTP request received.
[2025-11-17 20:11:19 +0000] [482849] [WARNING] Invalid HTTP request received.
[2025-11-17 20:11:20 +0000] [482849] [WARNING] Invalid HTTP request received.
[2025-11-17 21:28:33 +0000] [482849] [WARNING] Invalid HTTP request received.
[2025-11-17 22:07:48 +0000] [482849] [WARNING] Invalid HTTP request received.
[2025-11-17 22:07:49 +0000] [482849] [WARNING] Invalid HTTP request received.
[2025-11-17 22:07:49 +0000] [482849] [WARNING] Invalid HTTP request received.
[2025-11-18 00:03:48 +0000] [482849] [WARNING] Invalid HTTP request received.
[2025-11-18 01:16:43 +0000] [482849] [WARNING] Invalid HTTP request received.
[2025-11-18 02:55:15 +0000] [482849] [WARNING] Invalid HTTP request received.
[2025-11-18 02:57:48 +0000] [482850] [WARNING] Invalid HTTP request received.
[2025-11-18 03:00:29 +0000] [482849] [WARNING] Invalid HTTP request received.
[2025-11-18 09:07:23 +0000] [482849] [WARNING] Invalid HTTP request received.
[2025-11-18 09:07:26 +0000] [482849] [WARNING] Invalid HTTP request received.
[2025-11-18 09:07:30 +0000] [482849] [WARNING] Invalid HTTP request received.
[2025-11-18 09:09:13 +0000] [482849] [WARNING] Invalid HTTP request received.
[2025-11-18 09:09:14 +0000] [482849] [WARNING] Invalid HTTP request received.
[2025-11-18 09:09:14 +0000] [482849] [WARNING] Invalid HTTP request received.
[2025-11-18 09:09:15 +0000] [482849] [WARNING] Invalid HTTP request received.
[2025-11-18 09:09:15 +0000] [482849] [WARNING] Invalid HTTP request received.
[2025-11-18 09:09:15 +0000] [482849] [WARNING] Invalid HTTP request received.
[2025-11-18 09:09:16 +0000] [482849] [WARNING] Invalid HTTP request received.
[2025-11-18 09:09:16 +0000] [482849] [WARNING] Invalid HTTP request received.
[2025-11-18 09:09:16 +0000] [482849] [WARNING] Invalid HTTP request received.
[2025-11-18 09:09:16 +0000] [482849] [WARNING] Invalid HTTP request received.
[2025-11-18 09:09:17 +0000] [482849] [WARNING] Invalid HTTP request received.
[2025-11-18 10:02:49 +0000] [482848] [WARNING] Invalid HTTP request received.
[2025-11-18 16:27:09 +0000] [482848] [WARNING] Invalid HTTP request received.
[2025-11-18 19:21:55 +0000] [482849] [WARNING] Invalid HTTP request received.
[2025-11-18 19:21:55 +0000] [482850] [WARNING] Invalid HTTP request received.
[2025-11-19 03:22:02 +0000] [482849] [WARNING] Invalid HTTP request received.
[2025-11-19 05:36:17 +0000] [482849] [WARNING] Invalid HTTP request received.
[2025-11-19 05:37:50 +0000] [482849] [WARNING] Invalid HTTP request received.
[2025-11-19 05:41:33 +0000] [482849] [WARNING] Invalid HTTP request received.
[2025-11-19 09:06:23 +0000] [482849] [WARNING] Invalid HTTP request received.
[2025-11-19 10:24:03 +0000] [482849] [WARNING] Invalid HTTP request received.
[2025-11-19 10:24:04 +0000] [482849] [WARNING] Invalid HTTP request received.
[2025-11-19 10:24:25 +0000] [482849] [WARNING] Invalid HTTP request received.
[2025-11-20 03:21:32 +0000] [482849] [WARNING] Invalid HTTP request received.
[2025-11-20 09:52:21 +0000] [482849] [WARNING] Invalid HTTP request received.
[2025-11-20 09:54:01 +0000] [482849] [WARNING] Invalid HTTP request received.
[2025-11-20 11:44:47 +0000] [482849] [WARNING] Invalid HTTP request received.
[2025-11-20 11:44:53 +0000] [482848] [WARNING] Invalid HTTP request received.
[2025-11-20 11:44:53 +0000] [482849] [WARNING] Invalid HTTP request received.
[2025-11-20 11:44:53 +0000] [482849] [WARNING] Invalid HTTP request received.
[2025-11-20 11:44:58 +0000] [482849] [WARNING] Invalid HTTP request received.
[2025-11-20 11:45:06 +0000] [482849] [WARNING] Invalid HTTP request received.
[2025-11-20 11:45:06 +0000] [482849] [WARNING] Invalid HTTP request received.
[2025-11-20 11:45:06 +0000] [482849] [WARNING] Invalid HTTP request received.
[2025-11-20 11:45:06 +0000] [482847] [WARNING] Invalid HTTP request received.
[2025-11-20 11:45:06 +0000] [482848] [WARNING] Invalid HTTP request received.
[2025-11-20 11:45:11 +0000] [482849] [WARNING] Invalid HTTP request received.
[2025-11-20 11:45:11 +0000] [482849] [WARNING] Invalid HTTP request received.
[2025-11-20 11:45:14 +0000] [482848] [WARNING] Invalid HTTP request received.
[2025-11-20 11:45:24 +0000] [482848] [WARNING] Invalid HTTP request received.
[2025-11-20 14:53:02 +0000] [482849] [WARNING] Invalid HTTP request received.
[2025-11-20 14:53:02 +0000] [482849] [WARNING] Invalid HTTP request received.
[2025-11-20 15:27:56 +0000] [482849] [WARNING] Invalid HTTP request received.
[2025-11-20 18:46:59 +0000] [482849] [WARNING] Invalid HTTP request received.
[2025-11-20 18:47:10 +0000] [482849] [WARNING] Invalid HTTP request received.
[2025-11-20 18:47:52 +0000] [482849] [WARNING] Invalid HTTP request received.
[2025-11-20 19:23:56 +0000] [482849] [WARNING] Invalid HTTP request received.
[2025-11-21 04:56:31 +0000] [482849] [WARNING] Invalid HTTP request received.
[2025-11-21 12:16:31 +0000] [482849] [WARNING] Invalid HTTP request received.
[2025-11-21 15:15:55 +0000] [482849] [WARNING] Invalid HTTP request received.
[2025-11-21 15:43:08 +0000] [482849] [WARNING] Invalid HTTP request received.
[2025-11-21 15:43:08 +0000] [482850] [WARNING] Invalid HTTP request received.
[2025-11-21 19:09:40 +0000] [482849] [WARNING] Invalid HTTP request received.
[2025-11-21 20:03:43 +0000] [482849] [WARNING] Invalid HTTP request received.
[2025-11-21 20:03:44 +0000] [482849] [WARNING] Invalid HTTP request received.
[2025-11-21 20:03:51 +0000] [482849] [WARNING] Invalid HTTP request received.
[2025-11-22 03:05:36 +0000] [482849] [WARNING] Invalid HTTP request received.
[2025-11-22 15:55:22 +0000] [482849] [WARNING] Invalid HTTP request received.
[2025-11-22 19:26:31 +0000] [482849] [WARNING] Invalid HTTP request received.
[2025-11-22 19:26:31 +0000] [482847] [WARNING] Invalid HTTP request received.
[2025-11-22 21:03:09 +0000] [482849] [WARNING] Invalid HTTP request received.
[2025-11-22 21:03:12 +0000] [482849] [WARNING] Invalid HTTP request received.
[2025-11-22 21:04:04 +0000] [482849] [WARNING] Invalid HTTP request received.
[2025-11-23 10:34:21 +0000] [482849] [WARNING] Invalid HTTP request received.
[2025-11-23 10:36:24 +0000] [482849] [WARNING] Invalid HTTP request received.
[2025-11-23 10:37:23 +0000] [482849] [WARNING] Invalid HTTP request received.
[2025-11-23 15:42:28 +0000] [482849] [WARNING] Invalid HTTP request received.
[2025-11-23 15:42:29 +0000] [482849] [WARNING] Invalid HTTP request received.
[2025-11-23 20:45:33 +0000] [482849] [WARNING] Invalid HTTP request received.
[2025-11-23 22:05:35 +0000] [482849] [WARNING] Invalid HTTP request received.
[2025-11-23 22:05:36 +0000] [482849] [WARNING] Invalid HTTP request received.
[2025-11-23 22:05:48 +0000] [482849] [WARNING] Invalid HTTP request received.
[2025-11-24 09:02:12 +0000] [482849] [WARNING] Invalid HTTP request received.
[2025-11-24 11:25:36 +0000] [482849] [WARNING] Invalid HTTP request received.
[2025-11-24 11:29:52 +0000] [482849] [WARNING] Invalid HTTP request received.
[2025-11-24 11:33:57 +0000] [482849] [WARNING] Invalid HTTP request received.
[2025-11-24 18:21:27 +0000] [482850] [WARNING] Invalid HTTP request received.
[2025-11-24 18:21:27 +0000] [482849] [WARNING] Invalid HTTP request received.
[2025-11-24 23:32:38 +0000] [482849] [WARNING] Invalid HTTP request received.
[2025-11-24 23:32:38 +0000] [482849] [WARNING] Invalid HTTP request received.
[2025-11-25 03:26:15 +0000] [482849] [WARNING] Invalid HTTP request received.
[2025-11-25 07:07:10 +0000] [482849] [WARNING] Invalid HTTP request received.
[2025-11-25 07:07:10 +0000] [482849] [WARNING] Invalid HTTP request received.
[2025-11-25 07:07:16 +0000] [482849] [WARNING] Invalid HTTP request received.
[2025-11-25 13:59:11 +0000] [482849] [WARNING] Invalid HTTP request received.
[2025-11-25 13:59:18 +0000] [482848] [WARNING] Invalid HTTP request received.
[2025-11-25 13:59:20 +0000] [482849] [WARNING] Invalid HTTP request received.
[2025-11-25 13:59:36 +0000] [482849] [WARNING] Invalid HTTP request received.
[2025-11-25 14:57:42 +0000] [482849] [WARNING] Invalid HTTP request received.
[2025-11-25 14:57:42 +0000] [482849] [WARNING] Invalid HTTP request received.
[2025-11-25 20:34:14 +0000] [482849] [WARNING] Invalid HTTP request received.
[2025-11-26 05:03:53 +0000] [482849] [WARNING] Invalid HTTP request received.
[2025-11-26 05:03:58 +0000] [482847] [WARNING] Invalid HTTP request received.
[2025-11-26 05:03:58 +0000] [482850] [WARNING] Invalid HTTP request received.
[2025-11-26 05:03:58 +0000] [482849] [WARNING] Invalid HTTP request received.
[2025-11-26 05:04:03 +0000] [482849] [WARNING] Invalid HTTP request received.
[2025-11-26 05:04:11 +0000] [482849] [WARNING] Invalid HTTP request received.
[2025-11-26 05:04:11 +0000] [482847] [WARNING] Invalid HTTP request received.
[2025-11-26 05:04:11 +0000] [482850] [WARNING] Invalid HTTP request received.
[2025-11-26 05:04:11 +0000] [482849] [WARNING] Invalid HTTP request received.
[2025-11-26 05:04:11 +0000] [482849] [WARNING] Invalid HTTP request received.
[2025-11-26 05:04:16 +0000] [482849] [WARNING] Invalid HTTP request received.
[2025-11-26 05:04:16 +0000] [482849] [WARNING] Invalid HTTP request received.
[2025-11-26 05:04:19 +0000] [482849] [WARNING] Invalid HTTP request received.
[2025-11-26 05:04:29 +0000] [482849] [WARNING] Invalid HTTP request received.
[2025-11-26 06:56:44 +0000] [482849] [WARNING] Invalid HTTP request received.
[2025-11-26 06:56:52 +0000] [482849] [WARNING] Invalid HTTP request received.
[2025-11-26 06:59:36 +0000] [482849] [WARNING] Invalid HTTP request received.
[2025-11-26 11:33:07 +0000] [482849] [WARNING] Invalid HTTP request received.
[2025-11-26 11:33:08 +0000] [482849] [WARNING] Invalid HTTP request received.
[2025-11-26 13:33:40 +0000] [482849] [WARNING] Invalid HTTP request received.
[2025-11-26 15:03:56 +0000] [482849] [WARNING] Invalid HTTP request received.
[2025-11-26 15:04:00 +0000] [482849] [WARNING] Invalid HTTP request received.
[2025-11-26 15:05:06 +0000] [482849] [WARNING] Invalid HTTP request received.
[2025-11-26 17:03:56 +0000] [482849] [WARNING] Invalid HTTP request received.
[2025-11-27 07:31:32 +0000] [482849] [WARNING] Invalid HTTP request received.
[2025-11-27 07:31:41 +0000] [482849] [WARNING] Invalid HTTP request received.
[2025-11-27 07:33:21 +0000] [482849] [WARNING] Invalid HTTP request received.
[2025-11-27 15:17:38 +0000] [482849] [WARNING] Invalid HTTP request received.
[2025-11-27 15:17:38 +0000] [482849] [WARNING] Invalid HTTP request received.
[2025-11-27 15:57:31 +0000] [482849] [WARNING] Invalid HTTP request received.
[2025-11-27 15:57:33 +0000] [482848] [WARNING] Invalid HTTP request received.
[2025-11-27 15:58:25 +0000] [482849] [WARNING] Invalid HTTP request received.
[2025-11-28 00:00:35 +0000] [482849] [WARNING] Invalid HTTP request received.
[2025-11-28 02:59:44 +0000] [482849] [WARNING] Invalid HTTP request received.
[2025-11-28 04:08:19 +0000] [482850] [WARNING] Invalid HTTP request received.
[2025-11-28 04:11:04 +0000] [482849] [WARNING] Invalid HTTP request received.
[2025-11-28 04:14:32 +0000] [482849] [WARNING] Invalid HTTP request received.
[2025-11-28 08:23:33 +0000] [482849] [WARNING] Invalid HTTP request received.
[2025-11-28 08:23:43 +0000] [482849] [WARNING] Invalid HTTP request received.
[2025-11-28 12:19:04 +0000] [482849] [WARNING] Invalid HTTP request received.
[2025-11-28 14:53:40 +0000] [482849] [WARNING] Invalid HTTP request received.
[2025-11-28 16:45:06 +0000] [482848] [WARNING] Invalid HTTP request received.
[2025-11-28 16:45:06 +0000] [482849] [WARNING] Invalid HTTP request received.
[2025-11-28 21:16:37 +0000] [482850] [WARNING] Invalid HTTP request received.
[2025-11-28 21:16:37 +0000] [482849] [WARNING] Invalid HTTP request received.
[2025-11-28 21:16:40 +0000] [482849] [WARNING] Invalid HTTP request received.
[2025-11-28 22:00:36 +0000] [482849] [WARNING] Invalid HTTP request received.
[2025-11-28 22:00:36 +0000] [482848] [WARNING] Invalid HTTP request received.
[2025-11-29 04:41:45 +0000] [482849] [WARNING] Invalid HTTP request received.
[2025-11-29 04:45:01 +0000] [482849] [WARNING] Invalid HTTP request received.
[2025-11-29 04:48:22 +0000] [482849] [WARNING] Invalid HTTP request received.
[2025-11-29 07:04:31 +0000] [482849] [WARNING] Invalid HTTP request received.
[2025-11-29 18:43:20 +0000] [482849] [WARNING] Invalid HTTP request received.
[2025-11-29 18:43:20 +0000] [482847] [WARNING] Invalid HTTP request received.
[2025-11-30 02:22:49 +0000] [482850] [WARNING] Invalid HTTP request received.
[2025-11-30 02:22:53 +0000] [482849] [WARNING] Invalid HTTP request received.
[2025-11-30 02:22:59 +0000] [482847] [WARNING] Invalid HTTP request received.
[2025-11-30 11:01:23 +0000] [482849] [WARNING] Invalid HTTP request received.
[2025-11-30 11:01:23 +0000] [482849] [WARNING] Invalid HTTP request received.
[2025-11-30 11:01:24 +0000] [482849] [WARNING] Invalid HTTP request received.
[2025-11-30 11:03:58 +0000] [482849] [WARNING] Invalid HTTP request received.
[2025-11-30 11:55:08 +0000] [482849] [WARNING] Invalid HTTP request received.
[2025-11-30 16:35:50 +0000] [482849] [WARNING] Invalid HTTP request received.
[2025-11-30 16:55:46 +0000] [482849] [WARNING] Invalid HTTP request received.
[2025-11-30 16:55:46 +0000] [482849] [WARNING] Invalid HTTP request received.
[2025-12-01 02:55:15 +0000] [482849] [WARNING] Invalid HTTP request received.
[2025-12-01 03:05:14 +0000] [482849] [WARNING] Invalid HTTP request received.
[2025-12-01 03:05:15 +0000] [482849] [WARNING] Invalid HTTP request received.
[2025-12-01 03:05:18 +0000] [482849] [WARNING] Invalid HTTP request received.
[2025-12-01 12:35:21 +0000] [482849] [WARNING] Invalid HTTP request received.
[2025-12-01 12:35:22 +0000] [482849] [WARNING] Invalid HTTP request received.
[2025-12-01 12:35:22 +0000] [482849] [WARNING] Invalid HTTP request received.
[2025-12-01 17:10:05 +0000] [482849] [WARNING] Invalid HTTP request received.
[2025-12-01 17:10:06 +0000] [482848] [WARNING] Invalid HTTP request received.
[2025-12-01 22:05:13 +0000] [482849] [WARNING] Invalid HTTP request received.
[2025-12-02 01:50:19 +0000] [482849] [WARNING] Invalid HTTP request received.
[2025-12-02 01:54:34 +0000] [482849] [WARNING] Invalid HTTP request received.
[2025-12-02 01:57:51 +0000] [482849] [WARNING] Invalid HTTP request received.
[2025-12-02 07:47:15 +0000] [482849] [WARNING] Invalid HTTP request received.
[2025-12-02 07:47:15 +0000] [482849] [WARNING] Invalid HTTP request received.
[2025-12-02 07:47:15 +0000] [482849] [WARNING] Invalid HTTP request received.
[2025-12-02 07:47:15 +0000] [482849] [WARNING] Invalid HTTP request received.
[2025-12-02 07:47:15 +0000] [482849] [WARNING] Invalid HTTP request received.
[2025-12-02 07:53:36 +0000] [482849] [WARNING] Invalid HTTP request received.
[2025-12-02 07:53:36 +0000] [482849] [WARNING] Invalid HTTP request received.
[2025-12-02 07:53:40 +0000] [482849] [WARNING] Invalid HTTP request received.
[2025-12-02 16:48:11 +0000] [482849] [WARNING] Invalid HTTP request received.
[2025-12-02 16:48:11 +0000] [482850] [WARNING] Invalid HTTP request received.
[2025-12-02 22:08:43 +0000] [482849] [WARNING] Invalid HTTP request received.
[2025-12-03 00:21:45 +0000] [482849] [WARNING] Invalid HTTP request received.
[2025-12-03 02:05:01 +0000] [482849] [WARNING] Invalid HTTP request received.
[2025-12-03 02:08:11 +0000] [482849] [WARNING] Invalid HTTP request received.
[2025-12-03 02:11:36 +0000] [482849] [WARNING] Invalid HTTP request received.
[2025-12-03 09:57:04 +0000] [482849] [WARNING] Invalid HTTP request received.
[2025-12-03 09:57:05 +0000] [482849] [WARNING] Invalid HTTP request received.
[2025-12-03 09:57:10 +0000] [482849] [WARNING] Invalid HTTP request received.
[2025-12-03 19:17:34 +0000] [482849] [WARNING] Invalid HTTP request received.
[2025-12-03 19:17:35 +0000] [482849] [WARNING] Invalid HTTP request received.
[2025-12-03 19:17:36 +0000] [482849] [WARNING] Invalid HTTP request received.
[2025-12-03 19:51:11 +0000] [482849] [WARNING] Invalid HTTP request received.
[2025-12-03 19:51:11 +0000] [482849] [WARNING] Invalid HTTP request received.
[2025-12-04 00:40:31 +0000] [482849] [WARNING] Invalid HTTP request received.
[2025-12-04 00:41:39 +0000] [482849] [WARNING] Invalid HTTP request received.
[2025-12-04 00:42:42 +0000] [482849] [WARNING] Invalid HTTP request received.
[2025-12-04 02:51:19 +0000] [482849] [WARNING] Invalid HTTP request received.
[2025-12-04 07:06:41 +0000] [482849] [WARNING] Invalid HTTP request received.
[2025-12-04 19:10:44 +0000] [482849] [WARNING] Invalid HTTP request received.
[2025-12-04 19:10:44 +0000] [482849] [WARNING] Invalid HTTP request received.
[2025-12-04 19:10:48 +0000] [482849] [WARNING] Invalid HTTP request received.
[2025-12-04 19:24:33 +0000] [482849] [WARNING] Invalid HTTP request received.
[2025-12-04 19:24:33 +0000] [482850] [WARNING] Invalid HTTP request received.
[2025-12-05 17:59:01 +0000] [482849] [WARNING] Invalid HTTP request received.
[2025-12-05 17:59:01 +0000] [482849] [WARNING] Invalid HTTP request received.
[2025-12-05 21:08:56 +0000] [482849] [WARNING] Invalid HTTP request received.
[2025-12-05 21:29:08 +0000] [482850] [WARNING] Invalid HTTP request received.
[2025-12-06 00:46:31 +0000] [482849] [WARNING] Invalid HTTP request received.
[2025-12-06 00:47:54 +0000] [482849] [WARNING] Invalid HTTP request received.
[2025-12-06 00:48:09 +0000] [482849] [WARNING] Invalid HTTP request received.
[2025-12-06 12:21:09 +0000] [482849] [WARNING] Invalid HTTP request received.
[2025-12-06 12:21:09 +0000] [482849] [WARNING] Invalid HTTP request received.
[2025-12-06 12:21:13 +0000] [482849] [WARNING] Invalid HTTP request received.
[2025-12-06 15:29:18 +0000] [482849] [WARNING] Invalid HTTP request received.
[2025-12-06 15:29:18 +0000] [482850] [WARNING] Invalid HTTP request received.
[2025-12-06 17:29:30 +0000] [482849] [WARNING] Invalid HTTP request received.
[2025-12-06 20:30:04 +0000] [482849] [WARNING] Invalid HTTP request received.
[2025-12-06 21:10:40 +0000] [482850] [WARNING] Invalid HTTP request received.
[2025-12-07 03:03:49 +0000] [482849] [WARNING] Invalid HTTP request received.
[2025-12-07 03:04:40 +0000] [482849] [WARNING] Invalid HTTP request received.
[2025-12-07 03:07:31 +0000] [482849] [WARNING] Invalid HTTP request received.
[2025-12-07 04:39:46 +0000] [482849] [WARNING] Invalid HTTP request received.
[2025-12-07 04:39:47 +0000] [482849] [WARNING] Invalid HTTP request received.
[2025-12-07 07:08:54 +0000] [482849] [WARNING] Invalid HTTP request received.
[2025-12-07 14:29:02 +0000] [482849] [WARNING] Invalid HTTP request received.
[2025-12-07 14:29:03 +0000] [482849] [WARNING] Invalid HTTP request received.
[2025-12-07 17:10:41 +0000] [482849] [WARNING] Invalid HTTP request received.
[2025-12-07 17:10:41 +0000] [482849] [WARNING] Invalid HTTP request received.
[2025-12-07 17:10:44 +0000] [482849] [WARNING] Invalid HTTP request received.
[2025-12-07 19:43:12 +0000] [482849] [WARNING] Invalid HTTP request received.
[2025-12-08 05:29:45 +0000] [482849] [WARNING] Invalid HTTP request received.
[2025-12-08 05:32:36 +0000] [482849] [WARNING] Invalid HTTP request received.
[2025-12-08 05:34:41 +0000] [482849] [WARNING] Invalid HTTP request received.
[2025-12-08 07:23:47 +0000] [482849] [WARNING] Invalid HTTP request received.
[2025-12-08 07:23:48 +0000] [482849] [WARNING] Invalid HTTP request received.
[2025-12-08 07:23:49 +0000] [482849] [WARNING] Invalid HTTP request received.
[2025-12-08 11:24:14 +0000] [482849] [WARNING] Invalid HTTP request received.
[2025-12-08 17:53:45 +0000] [482849] [WARNING] Invalid HTTP request received.
[2025-12-08 17:58:01 +0000] [482849] [WARNING] Invalid HTTP request received.
[2025-12-08 18:04:28 +0000] [482849] [WARNING] Invalid HTTP request received.
[2025-12-08 18:04:28 +0000] [482849] [WARNING] Invalid HTTP request received.
[2025-12-08 18:04:33 +0000] [482849] [WARNING] Invalid HTTP request received.
[2025-12-08 21:58:13 +0000] [482849] [WARNING] Invalid HTTP request received.
[2025-12-08 21:58:13 +0000] [482850] [WARNING] Invalid HTTP request received.
[2025-12-09 00:20:30 +0000] [482850] [WARNING] Invalid HTTP request received.
[2025-12-09 00:20:30 +0000] [482849] [WARNING] Invalid HTTP request received.
[2025-12-09 00:20:30 +0000] [482849] [WARNING] Invalid HTTP request received.
[2025-12-09 00:20:30 +0000] [482850] [WARNING] Invalid HTTP request received.
[2025-12-09 00:20:30 +0000] [482847] [WARNING] Invalid HTTP request received.
[2025-12-09 06:12:46 +0000] [482849] [WARNING] Invalid HTTP request received.
[2025-12-09 06:14:09 +0000] [482849] [WARNING] Invalid HTTP request received.
[2025-12-09 06:15:51 +0000] [482849] [WARNING] Invalid HTTP request received.
[2025-12-09 07:12:04 +0000] [482849] [WARNING] Invalid HTTP request received.
[2025-12-09 19:04:34 +0000] [482849] [WARNING] Invalid HTTP request received.
[2025-12-09 19:04:36 +0000] [482849] [WARNING] Invalid HTTP request received.
[2025-12-09 19:05:04 +0000] [482849] [WARNING] Invalid HTTP request received.
[2025-12-10 04:13:53 +0000] [482849] [WARNING] Invalid HTTP request received.
[2025-12-10 05:14:40 +0000] [482849] [WARNING] Invalid HTTP request received.
[2025-12-10 05:15:33 +0000] [482849] [WARNING] Invalid HTTP request received.
[2025-12-10 05:26:10 +0000] [482849] [WARNING] Invalid HTTP request received.
[2025-12-10 06:27:37 +0000] [482849] [WARNING] Invalid HTTP request received.
[2025-12-10 06:32:16 +0000] [482849] [WARNING] Invalid HTTP request received.
[2025-12-10 06:35:37 +0000] [482849] [WARNING] Invalid HTTP request received.
[2025-12-10 15:02:57 +0000] [482849] [WARNING] Invalid HTTP request received.
[2025-12-10 17:45:10 +0000] [482849] [WARNING] Invalid HTTP request received.
[2025-12-10 17:45:10 +0000] [482849] [WARNING] Invalid HTTP request received.
[2025-12-10 17:45:19 +0000] [482849] [WARNING] Invalid HTTP request received.
[2025-12-10 19:18:17 +0000] [482849] [WARNING] Invalid HTTP request received.
[2025-12-10 20:31:41 +0000] [482849] [WARNING] Invalid HTTP request received.
[2025-12-10 20:58:43 +0000] [482849] [WARNING] Invalid HTTP request received.
[2025-12-11 01:37:40 +0000] [482849] [WARNING] Invalid HTTP request received.
[2025-12-11 01:37:40 +0000] [482849] [WARNING] Invalid HTTP request received.
[2025-12-11 07:55:50 +0000] [482849] [WARNING] Invalid HTTP request received.
[2025-12-11 07:58:52 +0000] [482849] [WARNING] Invalid HTTP request received.
[2025-12-11 08:02:12 +0000] [482849] [WARNING] Invalid HTTP request received.
[2025-12-11 19:01:51 +0000] [482849] [WARNING] Invalid HTTP request received.
[2025-12-11 19:01:52 +0000] [482849] [WARNING] Invalid HTTP request received.
[2025-12-11 19:01:57 +0000] [482849] [WARNING] Invalid HTTP request received.
[2025-12-12 03:31:54 +0000] [482849] [WARNING] Invalid HTTP request received.
[2025-12-12 03:31:54 +0000] [482847] [WARNING] Invalid HTTP request received.
[2025-12-12 05:29:02 +0000] [482849] [WARNING] Invalid HTTP request received.
[2025-12-12 05:29:03 +0000] [482849] [WARNING] Invalid HTTP request received.
[2025-12-12 05:29:07 +0000] [482847] [WARNING] Invalid HTTP request received.
[2025-12-12 09:16:47 +0000] [482849] [WARNING] Invalid HTTP request received.
[2025-12-12 09:17:43 +0000] [482849] [WARNING] Invalid HTTP request received.
[2025-12-12 09:20:20 +0000] [482849] [WARNING] Invalid HTTP request received.
[2025-12-12 09:53:13 +0000] [482849] [WARNING] Invalid HTTP request received.
[2025-12-12 14:21:22 +0000] [482849] [WARNING] Invalid HTTP request received.
[2025-12-12 14:21:23 +0000] [482849] [WARNING] Invalid HTTP request received.
[2025-12-12 14:38:52 +0000] [482849] [WARNING] Invalid HTTP request received.
[2025-12-12 14:48:27 +0000] [482850] [WARNING] Invalid HTTP request received.
[2025-12-12 17:40:07 +0000] [482849] [WARNING] Invalid HTTP request received.
[2025-12-12 17:44:06 +0000] [482849] [WARNING] Invalid HTTP request received.
[2025-12-12 21:09:08 +0000] [482849] [WARNING] Invalid HTTP request received.
[2025-12-12 21:21:43 +0000] [482849] [WARNING] Invalid HTTP request received.
[2025-12-12 21:21:43 +0000] [482849] [WARNING] Invalid HTTP request received.
[2025-12-12 21:21:43 +0000] [482849] [WARNING] Invalid HTTP request received.
[2025-12-12 21:21:44 +0000] [482849] [WARNING] Invalid HTTP request received.
[2025-12-12 21:21:44 +0000] [482849] [WARNING] Invalid HTTP request received.
[2025-12-12 21:21:44 +0000] [482849] [WARNING] Invalid HTTP request received.
[2025-12-12 21:21:44 +0000] [482849] [WARNING] Invalid HTTP request received.
[2025-12-12 21:21:45 +0000] [482848] [WARNING] Invalid HTTP request received.
[2025-12-12 21:21:45 +0000] [482849] [WARNING] Invalid HTTP request received.
[2025-12-12 21:21:45 +0000] [482849] [WARNING] Invalid HTTP request received.
[2025-12-12 21:21:45 +0000] [482849] [WARNING] Invalid HTTP request received.
[2025-12-13 02:11:25 +0000] [482850] [WARNING] Invalid HTTP request received.
[2025-12-13 04:10:41 +0000] [482849] [WARNING] Invalid HTTP request received.
[2025-12-13 05:59:37 +0000] [482849] [WARNING] Invalid HTTP request received.
[2025-12-13 05:59:41 +0000] [482849] [WARNING] Invalid HTTP request received.
[2025-12-13 06:01:00 +0000] [482849] [WARNING] Invalid HTTP request received.
[2025-12-13 11:26:13 +0000] [482849] [WARNING] Invalid HTTP request received.
[2025-12-13 11:29:20 +0000] [482849] [WARNING] Invalid HTTP request received.
[2025-12-13 11:31:44 +0000] [482849] [WARNING] Invalid HTTP request received.
[2025-12-13 13:45:34 +0000] [482849] [WARNING] Invalid HTTP request received.
[2025-12-13 13:45:34 +0000] [482848] [WARNING] Invalid HTTP request received.
[2025-12-13 16:08:31 +0000] [482849] [WARNING] Invalid HTTP request received.
[2025-12-13 16:08:31 +0000] [482850] [WARNING] Invalid HTTP request received.
[2025-12-13 16:08:34 +0000] [482849] [WARNING] Invalid HTTP request received.
[2025-12-13 18:37:27 +0000] [482850] [WARNING] Invalid HTTP request received.
[2025-12-13 18:37:27 +0000] [482850] [WARNING] Invalid HTTP request received.
[2025-12-13 18:37:27 +0000] [482849] [WARNING] Invalid HTTP request received.
[2025-12-13 18:37:27 +0000] [482849] [WARNING] Invalid HTTP request received.
[2025-12-13 18:37:27 +0000] [482849] [WARNING] Invalid HTTP request received.
[2025-12-13 21:17:14 +0000] [482849] [WARNING] Invalid HTTP request received.
[2025-12-13 21:17:14 +0000] [482849] [WARNING] Invalid HTTP request received.
[2025-12-13 21:23:23 +0000] [482849] [WARNING] Invalid HTTP request received.
[2025-12-13 22:20:54 +0000] [482850] [WARNING] Invalid HTTP request received.
[2025-12-14 02:47:55 +0000] [482849] [WARNING] Invalid HTTP request received.
[2025-12-14 05:54:00 +0000] [482847] [WARNING] Invalid HTTP request received.
[2025-12-14 05:54:00 +0000] [482849] [WARNING] Invalid HTTP request received.
[2025-12-14 05:54:00 +0000] [482849] [WARNING] Invalid HTTP request received.
[2025-12-14 05:54:00 +0000] [482849] [WARNING] Invalid HTTP request received.
[2025-12-14 05:54:01 +0000] [482849] [WARNING] Invalid HTTP request received.
[2025-12-14 10:30:39 +0000] [482849] [WARNING] Invalid HTTP request received.
[2025-12-14 10:33:56 +0000] [482849] [WARNING] Invalid HTTP request received.
[2025-12-14 10:36:26 +0000] [482849] [WARNING] Invalid HTTP request received.
[2025-12-14 14:59:11 +0000] [482849] [WARNING] Invalid HTTP request received.
[2025-12-14 14:59:11 +0000] [482848] [WARNING] Invalid HTTP request received.
[2025-12-14 20:45:19 +0000] [482849] [WARNING] Invalid HTTP request received.
[2025-12-14 20:45:19 +0000] [482849] [WARNING] Invalid HTTP request received.
[2025-12-14 20:45:22 +0000] [482849] [WARNING] Invalid HTTP request received.
[2025-12-15 02:32:35 +0000] [482849] [WARNING] Invalid HTTP request received.
[2025-12-15 10:15:45 +0000] [482849] [WARNING] Invalid HTTP request received.
[2025-12-15 10:15:46 +0000] [482849] [WARNING] Invalid HTTP request received.
[2025-12-15 10:15:46 +0000] [482849] [WARNING] Invalid HTTP request received.
[2025-12-15 10:15:47 +0000] [482850] [WARNING] Invalid HTTP request received.
[2025-12-15 11:22:41 +0000] [482849] [WARNING] Invalid HTTP request received.
[2025-12-15 11:23:15 +0000] [482849] [WARNING] Invalid HTTP request received.
[2025-12-15 11:23:30 +0000] [482850] [WARNING] Invalid HTTP request received.
[2025-12-15 11:40:44 +0000] [482849] [WARNING] Invalid HTTP request received.
[2025-12-15 11:40:44 +0000] [482849] [WARNING] Invalid HTTP request received.
[2025-12-15 12:31:04 +0000] [482849] [WARNING] Invalid HTTP request received.
[2025-12-15 12:31:08 +0000] [482849] [WARNING] Invalid HTTP request received.
[2025-12-15 21:09:55 +0000] [482849] [WARNING] Invalid HTTP request received.
[2025-12-15 21:09:57 +0000] [482849] [WARNING] Invalid HTTP request received.
[2025-12-15 21:10:12 +0000] [482849] [WARNING] Invalid HTTP request received.
[2025-12-15 22:21:22 +0000] [482849] [WARNING] Invalid HTTP request received.
[2025-12-15 22:21:22 +0000] [482849] [WARNING] Invalid HTTP request received.
[2025-12-15 22:47:53 +0000] [482849] [WARNING] Invalid HTTP request received.
[2025-12-16 02:18:55 +0000] [482850] [WARNING] Invalid HTTP request received.
[2025-12-16 02:18:56 +0000] [482847] [WARNING] Invalid HTTP request received.
[2025-12-16 02:19:14 +0000] [482849] [WARNING] Invalid HTTP request received.
[2025-12-16 04:43:28 +0000] [482849] [WARNING] Invalid HTTP request received.
[2025-12-16 07:29:40 +0000] [482849] [WARNING] Invalid HTTP request received.
[2025-12-16 09:18:45 +0000] [482849] [WARNING] Invalid HTTP request received.
[2025-12-16 09:18:45 +0000] [482850] [WARNING] Invalid HTTP request received.
[2025-12-16 10:48:03 +0000] [482849] [WARNING] Invalid HTTP request received.
[2025-12-16 20:53:59 +0000] [482849] [WARNING] Invalid HTTP request received.
[2025-12-16 21:00:25 +0000] [482849] [WARNING] Invalid HTTP request received.
[2025-12-16 21:04:52 +0000] [482849] [WARNING] Invalid HTTP request received.
[2025-12-16 22:26:14 +0000] [482849] [WARNING] Invalid HTTP request received.
[2025-12-17 04:32:31 +0000] [482849] [WARNING] Invalid HTTP request received.
[2025-12-17 06:31:09 +0000] [482849] [WARNING] Invalid HTTP request received.
[2025-12-17 06:31:09 +0000] [482849] [WARNING] Invalid HTTP request received.
[2025-12-17 06:31:13 +0000] [482849] [WARNING] Invalid HTTP request received.
[2025-12-17 11:18:31 +0000] [482849] [WARNING] Invalid HTTP request received.
[2025-12-17 12:14:42 +0000] [482849] [WARNING] Invalid HTTP request received.
[2025-12-17 12:14:43 +0000] [482849] [WARNING] Invalid HTTP request received.
[2025-12-17 15:02:29 +0000] [482849] [WARNING] Invalid HTTP request received.
[2025-12-17 15:04:55 +0000] [482850] [WARNING] Invalid HTTP request received.
[2025-12-17 15:07:17 +0000] [482849] [WARNING] Invalid HTTP request received.
[2025-12-18 07:00:56 +0000] [482849] [WARNING] Invalid HTTP request received.
[2025-12-18 07:00:58 +0000] [482849] [WARNING] Invalid HTTP request received.
[2025-12-18 07:02:48 +0000] [482849] [WARNING] Invalid HTTP request received.
